-- MySQL dump 10.13  Distrib 8.0.36, for Win64 (x86_64)
--
-- Host: 127.0.0.1    Database: nclock
-- ------------------------------------------------------
-- Server version	5.7.44-log

/*!40101 SET @OLD_CHARACTER_SET_CLIENT=@@CHARACTER_SET_CLIENT */;
/*!40101 SET @OLD_CHARACTER_SET_RESULTS=@@CHARACTER_SET_RESULTS */;
/*!40101 SET @OLD_COLLATION_CONNECTION=@@COLLATION_CONNECTION */;
/*!50503 SET NAMES utf8 */;
/*!40103 SET @OLD_TIME_ZONE=@@TIME_ZONE */;
/*!40103 SET TIME_ZONE='+00:00' */;
/*!40014 SET @OLD_UNIQUE_CHECKS=@@UNIQUE_CHECKS, UNIQUE_CHECKS=0 */;
/*!40014 SET @OLD_FOREIGN_KEY_CHECKS=@@FOREIGN_KEY_CHECKS, FOREIGN_KEY_CHECKS=0 */;
/*!40101 SET @OLD_SQL_MODE=@@SQL_MODE, SQL_MODE='NO_AUTO_VALUE_ON_ZERO' */;
/*!40111 SET @OLD_SQL_NOTES=@@SQL_NOTES, SQL_NOTES=0 */;

--
-- Table structure for table `categories`
--

DROP TABLE IF EXISTS `categories`;
/*!40101 SET @saved_cs_client     = @@character_set_client */;
/*!50503 SET character_set_client = utf8mb4 */;
CREATE TABLE `categories` (
  `CategoryID` char(36) CHARACTER SET ascii NOT NULL,
  `Code` int(11) NOT NULL,
  `Acronym` varchar(4) DEFAULT NULL,
  `Description` varchar(50) NOT NULL,
  PRIMARY KEY (`CategoryID`)
) ENGINE=InnoDB DEFAULT CHARSET=utf8mb4;
/*!40101 SET character_set_client = @saved_cs_client */;

--
-- Dumping data for table `categories`
--

LOCK TABLES `categories` WRITE;
/*!40000 ALTER TABLE `categories` DISABLE KEYS */;
INSERT INTO `categories` VALUES ('92ed240d-1c25-410b-a59c-1f4265081056',1,'C1','Categoria 1'),('f7f3acfa-9372-433c-8cdb-d39aeadf076c',2,'C2','Categoria 2');
/*!40000 ALTER TABLE `categories` ENABLE KEYS */;
UNLOCK TABLES;

--
-- Table structure for table `configurations`
--

DROP TABLE IF EXISTS `configurations`;
/*!40101 SET @saved_cs_client     = @@character_set_client */;
/*!50503 SET character_set_client = utf8mb4 */;
CREATE TABLE `configurations` (
  `ConfigurationID` char(36) CHARACTER SET ascii NOT NULL,
  `CompanyName` varchar(50) DEFAULT NULL,
  `ResponsibleName` varchar(50) DEFAULT NULL,
  `Address` varchar(50) DEFAULT NULL,
  `City` varchar(20) DEFAULT NULL,
  `Language` varchar(2) DEFAULT NULL,
  PRIMARY KEY (`ConfigurationID`)
) ENGINE=InnoDB DEFAULT CHARSET=utf8mb4;
/*!40101 SET character_set_client = @saved_cs_client */;

--
-- Dumping data for table `configurations`
--

LOCK TABLES `configurations` WRITE;
/*!40000 ALTER TABLE `configurations` DISABLE KEYS */;
INSERT INTO `configurations` VALUES ('570727e1-e4a5-4dfc-b58b-b49c7c54e6fb','XPTO','Xpto Name','Street New Jesey','New York','en');
/*!40000 ALTER TABLE `configurations` ENABLE KEYS */;
UNLOCK TABLES;

--
-- Table structure for table `departments`
--

DROP TABLE IF EXISTS `departments`;
/*!40101 SET @saved_cs_client     = @@character_set_client */;
/*!50503 SET character_set_client = utf8mb4 */;
CREATE TABLE `departments` (
  `DepartmentID` char(36) CHARACTER SET ascii NOT NULL,
  `Code` int(11) NOT NULL,
  `Name` varchar(50) NOT NULL,
  `Description` varchar(50) DEFAULT NULL,
  `PaiId` int(11) DEFAULT NULL,
  PRIMARY KEY (`DepartmentID`)
) ENGINE=InnoDB DEFAULT CHARSET=utf8mb4;
/*!40101 SET character_set_client = @saved_cs_client */;

--
-- Dumping data for table `departments`
--

LOCK TABLES `departments` WRITE;
/*!40000 ALTER TABLE `departments` DISABLE KEYS */;
INSERT INTO `departments` VALUES ('3b0a0f2b-5ebc-4eb0-b14a-334131a3c191',2,'Comercial','Departamento Comercial',0),('883d6772-a512-4e49-912a-21c1fe579b13',1,'Aprovisionamento','Departamento Aprovisionamento',0);
/*!40000 ALTER TABLE `departments` ENABLE KEYS */;
UNLOCK TABLES;

--
-- Table structure for table `devices`
--

DROP TABLE IF EXISTS `devices`;
/*!40101 SET @saved_cs_client     = @@character_set_client */;
/*!50503 SET character_set_client = utf8mb4 */;
CREATE TABLE `devices` (
  `ZktecoDeviceID` char(36) CHARACTER SET ascii NOT NULL,
  `DeviceNumber` int(11) NOT NULL,
  `DeviceName` varchar(50) NOT NULL,
  `IpAddress` longtext NOT NULL,
  `Port` int(11) NOT NULL,
  `Photo` longtext,
  `Code` int(11) DEFAULT NULL,
  `MachineNumber` int(11) DEFAULT NULL,
  `Platform` longtext,
  `Firmware` longtext,
  `MacAddress` longtext,
  `SerialNumber` longtext,
  `ReaderCount` int(11) DEFAULT NULL,
  `AuxInCount` int(11) DEFAULT NULL,
  `AuxOutCount` int(11) DEFAULT NULL,
  `MaxUserCount` int(11) DEFAULT NULL,
  `MaxAttLogCount` int(11) DEFAULT NULL,
  `MaxFingerCount` int(11) DEFAULT NULL,
  `MaxUserFingerCount` int(11) DEFAULT NULL,
  `FaceAlg` int(11) DEFAULT NULL,
  `FPAlg` int(11) DEFAULT NULL,
  `ProductTime` longtext,
  `Producter` longtext,
  `Type` longtext,
  `Status` tinyint(1) DEFAULT NULL,
  PRIMARY KEY (`ZktecoDeviceID`)
) ENGINE=InnoDB DEFAULT CHARSET=utf8mb4;
/*!40101 SET character_set_client = @saved_cs_client */;

--
-- Dumping data for table `devices`
--

LOCK TABLES `devices` WRITE;
/*!40000 ALTER TABLE `devices` DISABLE KEYS */;
INSERT INTO `devices` VALUES ('7bb35d4b-ccb3-4904-97f8-a9bf55e3af52',1,'S920','192.168.1.163',4370,NULL,0,0,'ZMM200_TFT','Ver 6.60 May 21 2018','00:17:61:12:ee:8f','CF2P212260049',NULL,NULL,NULL,NULL,NULL,NULL,NULL,7,10,'2021-05-28 02:15:26',' ',NULL,1),('859fb385-f865-4deb-907f-6da4bce1ea18',2,'EFace10','192.168.1.151',4370,NULL,0,0,'ZMM510_TFT','Ver 6.60 May  8 2021','00:17:61:11:37:d2','CN9A214260077',NULL,NULL,NULL,NULL,NULL,NULL,NULL,35,10,'2021-10-14 07:02:01',' ',NULL,1);
/*!40000 ALTER TABLE `devices` ENABLE KEYS */;
UNLOCK TABLES;

--
-- Table structure for table `employeeattendancetimes`
--

DROP TABLE IF EXISTS `employeeattendancetimes`;
/*!40101 SET @saved_cs_client     = @@character_set_client */;
/*!50503 SET character_set_client = utf8mb4 */;
CREATE TABLE `employeeattendancetimes` (
  `AttendanceTimeId` char(36) CHARACTER SET ascii NOT NULL,
  `DeviceId` char(36) CHARACTER SET ascii DEFAULT NULL,
  `DeviceNumber` int(11) DEFAULT NULL,
  `EmployeeId` char(50) CHARACTER SET ascii NOT NULL,
  `EnrollNumber` longtext,
  `EmployeeName` longtext,
  `VerifyMode` int(11) DEFAULT NULL,
  `InOutMode` int(11) DEFAULT NULL,
  `Workcode` int(11) DEFAULT NULL,
  `Type` int(11) DEFAULT NULL,
  `Observation` longtext,
  `AttendanceTime` datetime DEFAULT NULL,
  PRIMARY KEY (`AttendanceTimeId`)
) ENGINE=InnoDB DEFAULT CHARSET=utf8mb4;
/*!40101 SET character_set_client = @saved_cs_client */;

--
-- Dumping data for table `employeeattendancetimes`
--

LOCK TABLES `employeeattendancetimes` WRITE;
/*!40000 ALTER TABLE `employeeattendancetimes` DISABLE KEYS */;
INSERT INTO `employeeattendancetimes` VALUES ('08dca24b-7ef8-4227-8360-37a4d0544bc5','859fb385-f865-4deb-907f-6da4bce1ea18',0,'62d208ba-dd5f-46c6-a02f-a179fbe47b55','29','Rodrigo',15,0,0,1,NULL,'2023-05-31 17:00:19'),('08dca24b-7efa-4011-8d0d-6e675632ed3b','859fb385-f865-4deb-907f-6da4bce1ea18',0,'e1c09570-9be1-4335-841a-e5ec4352946e','24','Bruno',15,0,0,1,NULL,'2023-05-31 17:00:25'),('08dca24b-7efa-4033-8243-631e9961b7f4','859fb385-f865-4deb-907f-6da4bce1ea18',0,'e1c09570-9be1-4335-841a-e5ec4352946e','24','Bruno',15,0,0,1,NULL,'2023-05-31 17:01:34'),('08dca24b-7efa-403c-8cb9-f93f96c42fbb','859fb385-f865-4deb-907f-6da4bce1ea18',0,'6d3fdf36-0f5b-4ce6-a217-3a395f3cc534','22','Norberto Pinto',15,0,0,1,NULL,'2023-06-01 07:27:06'),('08dca24b-7efa-4044-8abc-418a425b1eeb','859fb385-f865-4deb-907f-6da4bce1ea18',0,'62d208ba-dd5f-46c6-a02f-a179fbe47b55','29','Rodrigo',15,0,0,1,NULL,'2023-06-01 07:58:39'),('08dca24b-7efa-4048-8168-4f3939242044','859fb385-f865-4deb-907f-6da4bce1ea18',0,'e1c09570-9be1-4335-841a-e5ec4352946e','24','Bruno',15,0,0,1,NULL,'2023-06-01 08:07:37'),('08dca24b-7efa-404c-831d-f60577e5b997','859fb385-f865-4deb-907f-6da4bce1ea18',0,'e1c09570-9be1-4335-841a-e5ec4352946e','24','Bruno',15,0,0,1,NULL,'2023-06-01 12:01:31'),('08dca24b-7efa-404f-82d0-73a558dccbdb','859fb385-f865-4deb-907f-6da4bce1ea18',0,'513b44ea-05ec-47f7-be16-035a5ef17fd2','28','Rúben',15,0,0,1,NULL,'2023-06-01 12:02:45'),('08dca24b-7efa-4052-85ea-821fd216c5e4','859fb385-f865-4deb-907f-6da4bce1ea18',0,'62d208ba-dd5f-46c6-a02f-a179fbe47b55','29','Rodrigo',15,0,0,1,NULL,'2023-06-01 12:06:57'),('08dca24b-7efa-4056-8207-45fe1e63a703','859fb385-f865-4deb-907f-6da4bce1ea18',0,'e1c09570-9be1-4335-841a-e5ec4352946e','24','Bruno',15,0,0,1,NULL,'2023-06-01 12:59:29'),('08dca24b-7efa-405a-8ecf-ef6bc22d19d4','859fb385-f865-4deb-907f-6da4bce1ea18',0,'62d208ba-dd5f-46c6-a02f-a179fbe47b55','29','Rodrigo',15,0,0,1,NULL,'2023-06-01 13:06:34'),('08dca24b-7efa-405d-8f3f-7b12b6144a30','859fb385-f865-4deb-907f-6da4bce1ea18',0,'e1c09570-9be1-4335-841a-e5ec4352946e','24','Bruno',15,0,0,1,NULL,'2023-06-01 16:50:30'),('08dca24b-7efa-4062-8969-4e25f0ca9e46','859fb385-f865-4deb-907f-6da4bce1ea18',0,'513b44ea-05ec-47f7-be16-035a5ef17fd2','28','Rúben',15,0,0,1,NULL,'2023-06-01 16:50:35'),('08dca24b-7efa-4066-85c1-b06f4e3203e8','859fb385-f865-4deb-907f-6da4bce1ea18',0,'62d208ba-dd5f-46c6-a02f-a179fbe47b55','29','Rodrigo',15,0,0,1,NULL,'2023-06-01 16:50:55'),('08dca24b-7efa-406b-82cf-acdc955f89f2','859fb385-f865-4deb-907f-6da4bce1ea18',0,'62d208ba-dd5f-46c6-a02f-a179fbe47b55','29','Rodrigo',15,0,0,1,NULL,'2023-06-02 08:34:52'),('08dca24b-7efa-4070-803a-9d3558d5d0a2','859fb385-f865-4deb-907f-6da4bce1ea18',0,'e1c09570-9be1-4335-841a-e5ec4352946e','24','Bruno',15,0,0,1,NULL,'2023-06-02 08:35:00'),('08dca24b-7efa-4072-8fdd-f516da632783','859fb385-f865-4deb-907f-6da4bce1ea18',0,'6d3fdf36-0f5b-4ce6-a217-3a395f3cc534','22','Norberto Pinto',15,0,0,1,NULL,'2023-06-02 09:23:34'),('08dca24b-7efa-4078-8458-a883901dfbd4','859fb385-f865-4deb-907f-6da4bce1ea18',0,'6d3fdf36-0f5b-4ce6-a217-3a395f3cc534','22','Norberto Pinto',15,0,0,1,NULL,'2023-06-02 10:44:22'),('08dca24b-7efa-407b-8e1d-f76a83740ff7','859fb385-f865-4deb-907f-6da4bce1ea18',0,'e1c09570-9be1-4335-841a-e5ec4352946e','24','Bruno',15,0,0,1,NULL,'2023-06-02 12:00:23'),('08dca24b-7efa-4080-8036-c36a9f4fad4d','859fb385-f865-4deb-907f-6da4bce1ea18',0,'62d208ba-dd5f-46c6-a02f-a179fbe47b55','29','Rodrigo',15,0,0,1,NULL,'2023-06-02 12:00:28'),('08dca24b-7efa-4083-81e4-a5924244c1f3','859fb385-f865-4deb-907f-6da4bce1ea18',0,'6d3fdf36-0f5b-4ce6-a217-3a395f3cc534','22','Norberto Pinto',15,0,0,1,NULL,'2023-06-02 12:55:20'),('08dca24b-7efa-4086-82c8-666e861b5101','859fb385-f865-4deb-907f-6da4bce1ea18',0,'e1c09570-9be1-4335-841a-e5ec4352946e','24','Bruno',15,0,0,1,NULL,'2023-06-02 13:00:17'),('08dca24b-7efa-4089-800e-26c2e83556a8','859fb385-f865-4deb-907f-6da4bce1ea18',0,'62d208ba-dd5f-46c6-a02f-a179fbe47b55','29','Rodrigo',15,0,0,1,NULL,'2023-06-02 13:05:22'),('08dca24b-7efa-408c-8c7b-24aa84174445','859fb385-f865-4deb-907f-6da4bce1ea18',0,'62d208ba-dd5f-46c6-a02f-a179fbe47b55','29','Rodrigo',15,0,0,1,NULL,'2023-06-02 15:02:21'),('08dca24b-7efa-408f-8c21-3f805d337a63','859fb385-f865-4deb-907f-6da4bce1ea18',0,'e1c09570-9be1-4335-841a-e5ec4352946e','24','Bruno',15,0,0,1,NULL,'2023-06-02 16:59:16'),('08dca24b-7efa-4092-8e5f-d706f4168863','859fb385-f865-4deb-907f-6da4bce1ea18',0,'6d3fdf36-0f5b-4ce6-a217-3a395f3cc534','22','Norberto Pinto',15,0,0,1,NULL,'2023-06-02 17:36:04'),('08dca24b-7efa-4096-8af0-b290f585f62f','859fb385-f865-4deb-907f-6da4bce1ea18',0,'e1c09570-9be1-4335-841a-e5ec4352946e','24','Bruno',15,0,0,1,NULL,'2023-06-05 07:30:29'),('08dca24b-7efa-409b-8025-daf28a96105d','859fb385-f865-4deb-907f-6da4bce1ea18',0,'6d3fdf36-0f5b-4ce6-a217-3a395f3cc534','22','Norberto Pinto',15,0,0,1,NULL,'2023-06-05 11:06:04'),('08dca24b-7efa-409d-8f08-dcb042ea13f3','859fb385-f865-4deb-907f-6da4bce1ea18',0,'e1c09570-9be1-4335-841a-e5ec4352946e','24','Bruno',15,0,0,1,NULL,'2023-06-05 16:27:55'),('08dca24b-7efa-40ab-83f4-9761e7e38526','859fb385-f865-4deb-907f-6da4bce1ea18',0,'e1c09570-9be1-4335-841a-e5ec4352946e','24','Bruno',15,0,0,1,NULL,'2023-06-06 08:16:45'),('08dca24b-7efa-40b5-8e77-6b713217a58e','859fb385-f865-4deb-907f-6da4bce1ea18',0,'513b44ea-05ec-47f7-be16-035a5ef17fd2','28','Rúben',15,0,0,1,NULL,'2023-06-06 08:16:51'),('08dca24b-7efa-40ba-80d1-d6db41dc4146','859fb385-f865-4deb-907f-6da4bce1ea18',0,'6d3fdf36-0f5b-4ce6-a217-3a395f3cc534','22','Norberto Pinto',15,0,0,1,NULL,'2023-06-06 08:24:02'),('08dca24b-7efa-40bd-82c8-cec58bdc0873','859fb385-f865-4deb-907f-6da4bce1ea18',0,'e1c09570-9be1-4335-841a-e5ec4352946e','24','Bruno',15,0,0,1,NULL,'2023-06-06 12:02:05'),('08dca24b-7efa-40c0-839b-d233955fe011','859fb385-f865-4deb-907f-6da4bce1ea18',0,'e1c09570-9be1-4335-841a-e5ec4352946e','24','Bruno',15,0,0,1,NULL,'2023-06-06 13:00:56'),('08dca24b-7efa-40c3-83fa-fccd8e50dd38','859fb385-f865-4deb-907f-6da4bce1ea18',0,'6d3fdf36-0f5b-4ce6-a217-3a395f3cc534','22','Norberto Pinto',15,0,0,1,NULL,'2023-06-06 13:24:11'),('08dca24b-7efa-40c6-820d-fe664859e29f','859fb385-f865-4deb-907f-6da4bce1ea18',0,'e1c09570-9be1-4335-841a-e5ec4352946e','24','Bruno',15,0,0,1,NULL,'2023-06-06 16:59:48'),('08dca24b-7efa-40c9-824e-2d5f0ac08e07','859fb385-f865-4deb-907f-6da4bce1ea18',0,'513b44ea-05ec-47f7-be16-035a5ef17fd2','28','Rúben',15,0,0,1,NULL,'2023-06-06 17:00:09'),('08dca24b-7efa-40cc-82d5-ecf7a37ca0bd','859fb385-f865-4deb-907f-6da4bce1ea18',0,'6d3fdf36-0f5b-4ce6-a217-3a395f3cc534','22','Norberto Pinto',15,0,0,1,NULL,'2023-06-06 17:49:28'),('08dca24b-7efa-40d0-839b-dcfb1f741cdd','859fb385-f865-4deb-907f-6da4bce1ea18',0,'6d3fdf36-0f5b-4ce6-a217-3a395f3cc534','22','Norberto Pinto',15,0,0,1,NULL,'2023-06-07 07:41:21'),('08dca24b-7efa-40d3-8344-e265d706755d','859fb385-f865-4deb-907f-6da4bce1ea18',0,'6d3fdf36-0f5b-4ce6-a217-3a395f3cc534','22','Norberto Pinto',15,0,0,1,NULL,'2023-06-07 07:44:58'),('08dca24b-7efa-40d6-8168-7447e4602009','859fb385-f865-4deb-907f-6da4bce1ea18',0,'6d3fdf36-0f5b-4ce6-a217-3a395f3cc534','22','Norberto Pinto',15,0,0,1,NULL,'2023-06-07 07:47:07'),('08dca24b-7efa-40d9-80a3-7020c8e9f5ca','859fb385-f865-4deb-907f-6da4bce1ea18',0,'e1c09570-9be1-4335-841a-e5ec4352946e','24','Bruno',15,0,0,1,NULL,'2023-06-07 08:08:30'),('08dca24b-7efa-40dc-883a-e449fd79c4d6','859fb385-f865-4deb-907f-6da4bce1ea18',0,'e1c09570-9be1-4335-841a-e5ec4352946e','24','Bruno',15,0,0,1,NULL,'2023-06-07 12:59:39'),('08dca24b-7efa-40df-87ff-2c42cdc46b5c','859fb385-f865-4deb-907f-6da4bce1ea18',0,'e1c09570-9be1-4335-841a-e5ec4352946e','24','Bruno',15,0,0,1,NULL,'2023-06-07 16:59:54'),('08dca24b-7efa-40e2-8545-30122cc8fa0e','859fb385-f865-4deb-907f-6da4bce1ea18',0,'6d3fdf36-0f5b-4ce6-a217-3a395f3cc534','22','Norberto Pinto',15,0,0,1,NULL,'2023-06-09 08:16:29'),('08dca24b-7efa-40e5-83d0-8b141203f4d3','859fb385-f865-4deb-907f-6da4bce1ea18',0,'e1c09570-9be1-4335-841a-e5ec4352946e','24','Bruno',15,0,0,1,NULL,'2023-06-09 08:16:39'),('08dca24b-7efa-40e8-81dd-d31c13396496','859fb385-f865-4deb-907f-6da4bce1ea18',0,'e1c09570-9be1-4335-841a-e5ec4352946e','24','Bruno',15,0,0,1,NULL,'2023-06-09 12:02:36'),('08dca24b-7efa-40eb-8060-96bfa3fe1820','859fb385-f865-4deb-907f-6da4bce1ea18',0,'e1c09570-9be1-4335-841a-e5ec4352946e','24','Bruno',15,0,0,1,NULL,'2023-06-09 13:01:27'),('08dca24b-7efa-40ed-8eb7-ffd1f1463757','859fb385-f865-4deb-907f-6da4bce1ea18',0,'6d3fdf36-0f5b-4ce6-a217-3a395f3cc534','22','Norberto Pinto',15,0,0,1,NULL,'2023-06-09 13:26:13'),('08dca24b-7efa-40f0-8f45-49b69098db21','859fb385-f865-4deb-907f-6da4bce1ea18',0,'6d3fdf36-0f5b-4ce6-a217-3a395f3cc534','22','Norberto Pinto',15,0,0,1,NULL,'2023-06-09 13:29:11'),('08dca24b-7efa-40f3-8e7b-a32dfa0d8943','859fb385-f865-4deb-907f-6da4bce1ea18',0,'6d3fdf36-0f5b-4ce6-a217-3a395f3cc534','22','Norberto Pinto',15,0,0,1,NULL,'2023-06-09 13:41:28'),('08dca24b-7efa-40f7-87d5-0befffeaadc7','859fb385-f865-4deb-907f-6da4bce1ea18',0,'e1c09570-9be1-4335-841a-e5ec4352946e','24','Bruno',15,0,0,1,NULL,'2023-06-09 16:59:41'),('08dca24b-7efa-40fa-8698-0b381256861b','859fb385-f865-4deb-907f-6da4bce1ea18',0,'e1c09570-9be1-4335-841a-e5ec4352946e','24','Bruno',15,0,0,1,NULL,'2023-06-12 12:58:55'),('08dca24b-7efa-40fd-86d6-7ef889a8238d','859fb385-f865-4deb-907f-6da4bce1ea18',0,'e1c09570-9be1-4335-841a-e5ec4352946e','24','Bruno',15,0,0,1,NULL,'2023-06-12 16:59:51'),('08dca24b-7efa-4100-85b8-89098c8cc3a5','859fb385-f865-4deb-907f-6da4bce1ea18',0,'6d3fdf36-0f5b-4ce6-a217-3a395f3cc534','22','Norberto Pinto',15,0,0,1,NULL,'2023-06-13 08:07:04'),('08dca24b-7efa-4103-8362-433c7e94ba84','859fb385-f865-4deb-907f-6da4bce1ea18',0,'e1c09570-9be1-4335-841a-e5ec4352946e','24','Bruno',15,0,0,1,NULL,'2023-06-13 08:07:41'),('08dca24b-7efa-4106-821d-c6d46577f068','859fb385-f865-4deb-907f-6da4bce1ea18',0,'6d3fdf36-0f5b-4ce6-a217-3a395f3cc534','22','Norberto Pinto',15,0,0,1,NULL,'2023-06-13 08:29:03'),('08dca24b-7efa-4109-8213-3da481c4dd25','859fb385-f865-4deb-907f-6da4bce1ea18',0,'e1c09570-9be1-4335-841a-e5ec4352946e','24','Bruno',15,0,0,1,NULL,'2023-06-13 12:03:23'),('08dca24b-7efa-410c-81ff-2cc94d431513','859fb385-f865-4deb-907f-6da4bce1ea18',0,'6d3fdf36-0f5b-4ce6-a217-3a395f3cc534','22','Norberto Pinto',15,0,0,1,NULL,'2023-06-13 12:45:24'),('08dca24b-7efa-410f-87f3-d2a17df71d5a','859fb385-f865-4deb-907f-6da4bce1ea18',0,'e1c09570-9be1-4335-841a-e5ec4352946e','24','Bruno',15,0,0,1,NULL,'2023-06-13 13:00:24'),('08dca24b-7efa-4112-86ba-157e0fcff46e','859fb385-f865-4deb-907f-6da4bce1ea18',0,'e1c09570-9be1-4335-841a-e5ec4352946e','24','Bruno',15,0,0,1,NULL,'2023-06-13 16:59:59'),('08dca24b-7efa-4115-84de-7a90e781d808','859fb385-f865-4deb-907f-6da4bce1ea18',0,'6d3fdf36-0f5b-4ce6-a217-3a395f3cc534','22','Norberto Pinto',15,0,0,1,NULL,'2023-06-13 17:35:09'),('08dca24b-7efa-4118-8539-ebb17e3fd393','859fb385-f865-4deb-907f-6da4bce1ea18',0,'e1c09570-9be1-4335-841a-e5ec4352946e','24','Bruno',15,0,0,1,NULL,'2023-06-14 08:13:05'),('08dca24b-7efa-411b-837a-9fbfd2eef425','859fb385-f865-4deb-907f-6da4bce1ea18',0,'e1c09570-9be1-4335-841a-e5ec4352946e','24','Bruno',15,0,0,1,NULL,'2023-06-14 10:24:47'),('08dca24b-7efa-411e-810f-24ea22425117','859fb385-f865-4deb-907f-6da4bce1ea18',0,'e1c09570-9be1-4335-841a-e5ec4352946e','24','Bruno',15,0,0,1,NULL,'2023-06-14 10:27:27'),('08dca24b-7efa-4121-8098-3a65d66a245e','859fb385-f865-4deb-907f-6da4bce1ea18',0,'e1c09570-9be1-4335-841a-e5ec4352946e','24','Bruno',15,0,0,1,NULL,'2023-06-14 10:31:28'),('08dca24b-7efa-4123-8e9a-dd7f382f15b3','859fb385-f865-4deb-907f-6da4bce1ea18',0,'e1c09570-9be1-4335-841a-e5ec4352946e','24','Bruno',15,0,0,1,NULL,'2023-06-14 10:39:46'),('08dca24b-7efa-4127-825b-37c436bd9e52','859fb385-f865-4deb-907f-6da4bce1ea18',0,'e1c09570-9be1-4335-841a-e5ec4352946e','24','Bruno',15,0,0,1,NULL,'2023-06-14 12:02:07'),('08dca24b-7efa-412a-875c-bbc6eea1f73b','859fb385-f865-4deb-907f-6da4bce1ea18',0,'e1c09570-9be1-4335-841a-e5ec4352946e','24','Bruno',15,0,0,1,NULL,'2023-06-14 12:58:15'),('08dca24b-7efa-412d-8a64-7072f4719cb1','859fb385-f865-4deb-907f-6da4bce1ea18',0,'e1c09570-9be1-4335-841a-e5ec4352946e','24','Bruno',15,0,0,1,NULL,'2023-06-14 16:07:25'),('08dca24b-7efa-4130-89cc-b8b00a07e2f5','859fb385-f865-4deb-907f-6da4bce1ea18',0,'6d3fdf36-0f5b-4ce6-a217-3a395f3cc534','22','Norberto Pinto',15,0,0,1,NULL,'2023-06-15 07:57:26'),('08dca24b-7efa-4133-8915-5e502b860008','859fb385-f865-4deb-907f-6da4bce1ea18',0,'6d3fdf36-0f5b-4ce6-a217-3a395f3cc534','22','Norberto Pinto',15,0,0,1,NULL,'2023-06-15 08:04:57'),('08dca24b-7efa-4136-8ae0-f693efb9ca3b','859fb385-f865-4deb-907f-6da4bce1ea18',0,'6d3fdf36-0f5b-4ce6-a217-3a395f3cc534','22','Norberto Pinto',15,0,0,1,NULL,'2023-06-15 08:06:57'),('08dca24b-7efa-4139-8a7d-85e4447c785d','859fb385-f865-4deb-907f-6da4bce1ea18',0,'e1c09570-9be1-4335-841a-e5ec4352946e','24','Bruno',15,0,0,1,NULL,'2023-06-15 08:07:35'),('08dca24b-7efa-413c-8afa-2ea3aa4056d0','859fb385-f865-4deb-907f-6da4bce1ea18',0,'e1c09570-9be1-4335-841a-e5ec4352946e','24','Bruno',15,0,0,1,NULL,'2023-06-15 12:01:26'),('08dca24b-7efa-413f-88e0-57b2b5918874','859fb385-f865-4deb-907f-6da4bce1ea18',0,'e1c09570-9be1-4335-841a-e5ec4352946e','24','Bruno',15,0,0,1,NULL,'2023-06-15 13:00:43'),('08dca24b-7efa-4143-8e7a-5018c19e4dd5','859fb385-f865-4deb-907f-6da4bce1ea18',0,'6d3fdf36-0f5b-4ce6-a217-3a395f3cc534','22','Norberto Pinto',15,0,0,1,NULL,'2023-06-15 13:17:43'),('08dca24b-7efa-4146-8e94-35423172c9ea','859fb385-f865-4deb-907f-6da4bce1ea18',0,'6d3fdf36-0f5b-4ce6-a217-3a395f3cc534','22','Norberto Pinto',15,0,0,1,NULL,'2023-06-15 13:20:13'),('08dca24b-7efa-4149-8c9a-60d9231bba6f','859fb385-f865-4deb-907f-6da4bce1ea18',0,'e1c09570-9be1-4335-841a-e5ec4352946e','24','Bruno',15,0,0,1,NULL,'2023-06-15 16:37:47'),('08dca24b-7efa-414c-8a19-d58a81b5119c','859fb385-f865-4deb-907f-6da4bce1ea18',0,'6d3fdf36-0f5b-4ce6-a217-3a395f3cc534','22','Norberto Pinto',15,0,0,1,NULL,'2023-06-16 07:58:44'),('08dca24b-7efa-414f-882d-10903d09b00d','859fb385-f865-4deb-907f-6da4bce1ea18',0,'e1c09570-9be1-4335-841a-e5ec4352946e','24','Bruno',15,0,0,1,NULL,'2023-06-16 08:06:43'),('08dca24b-7efa-4152-8972-a2781261b8d8','859fb385-f865-4deb-907f-6da4bce1ea18',0,'6d3fdf36-0f5b-4ce6-a217-3a395f3cc534','22','Norberto Pinto',15,0,0,1,NULL,'2023-06-16 08:06:48'),('08dca24b-7efa-4155-87e2-7094b5610216','859fb385-f865-4deb-907f-6da4bce1ea18',0,'6d3fdf36-0f5b-4ce6-a217-3a395f3cc534','22','Norberto Pinto',15,0,0,1,NULL,'2023-06-16 08:24:15'),('08dca24b-7efa-4158-8762-4345ba0c6e32','859fb385-f865-4deb-907f-6da4bce1ea18',0,'e1c09570-9be1-4335-841a-e5ec4352946e','24','Bruno',15,0,0,1,NULL,'2023-06-16 12:03:29'),('08dca24b-7efa-415d-8112-06176408270d','859fb385-f865-4deb-907f-6da4bce1ea18',0,'7207f14a-06e6-47ec-96fc-b3983c5a10c6','33','Gabriel Duarte',15,0,0,1,NULL,'2023-06-16 14:42:18'),('08dca24b-7efa-4160-8686-1b2259fe015e','859fb385-f865-4deb-907f-6da4bce1ea18',0,'e1c09570-9be1-4335-841a-e5ec4352946e','24','Bruno',15,0,0,1,NULL,'2023-06-16 17:00:01'),('08dca24b-7efa-4163-8445-baea6c2fd3ec','859fb385-f865-4deb-907f-6da4bce1ea18',0,'6d3fdf36-0f5b-4ce6-a217-3a395f3cc534','22','Norberto Pinto',15,0,0,1,NULL,'2023-06-16 17:05:49'),('08dca24b-7efa-4166-8677-4ca1108d12d6','859fb385-f865-4deb-907f-6da4bce1ea18',0,'6d3fdf36-0f5b-4ce6-a217-3a395f3cc534','22','Norberto Pinto',15,0,0,1,NULL,'2023-06-16 17:07:46'),('08dca24b-7efa-4169-8445-48f221885875','859fb385-f865-4deb-907f-6da4bce1ea18',0,'e1c09570-9be1-4335-841a-e5ec4352946e','24','Bruno',15,0,0,1,NULL,'2023-06-19 08:10:56'),('08dca24b-7efa-416c-82b4-3b85c1bf07d4','859fb385-f865-4deb-907f-6da4bce1ea18',0,'6d3fdf36-0f5b-4ce6-a217-3a395f3cc534','22','Norberto Pinto',15,0,0,1,NULL,'2023-06-19 09:30:51'),('08dca24b-7efa-4170-88cb-6deeed051301','859fb385-f865-4deb-907f-6da4bce1ea18',0,'e1c09570-9be1-4335-841a-e5ec4352946e','24','Bruno',15,0,0,1,NULL,'2023-06-19 11:59:43'),('08dca24b-7efa-4178-8121-6ab33885ad12','859fb385-f865-4deb-907f-6da4bce1ea18',0,'e1c09570-9be1-4335-841a-e5ec4352946e','24','Bruno',15,0,0,1,NULL,'2023-06-19 16:56:05'),('08dca24b-7efa-417b-802b-dd5289eb33bc','859fb385-f865-4deb-907f-6da4bce1ea18',0,'6d3fdf36-0f5b-4ce6-a217-3a395f3cc534','22','Norberto Pinto',15,0,0,1,NULL,'2023-06-19 16:56:07'),('08dca24b-7efa-417e-879c-85bbb846ca80','859fb385-f865-4deb-907f-6da4bce1ea18',0,'e1c09570-9be1-4335-841a-e5ec4352946e','24','Bruno',15,0,0,1,NULL,'2023-06-20 08:07:48'),('08dca24b-7efa-4181-8610-a64e4710c0fd','859fb385-f865-4deb-907f-6da4bce1ea18',0,'6d3fdf36-0f5b-4ce6-a217-3a395f3cc534','22','Norberto Pinto',15,0,0,1,NULL,'2023-06-20 08:14:58'),('08dca24b-7efa-4184-84d8-4d009208df53','859fb385-f865-4deb-907f-6da4bce1ea18',0,'6d3fdf36-0f5b-4ce6-a217-3a395f3cc534','22','Norberto Pinto',15,0,0,1,NULL,'2023-06-20 08:18:50'),('08dca24b-7efa-4187-89e9-c1f4fbc20128','859fb385-f865-4deb-907f-6da4bce1ea18',0,'6d3fdf36-0f5b-4ce6-a217-3a395f3cc534','22','Norberto Pinto',15,0,0,1,NULL,'2023-06-20 08:22:27'),('08dca24b-7efa-418a-8932-2d687bea3f3f','859fb385-f865-4deb-907f-6da4bce1ea18',0,'e1c09570-9be1-4335-841a-e5ec4352946e','24','Bruno',15,0,0,1,NULL,'2023-06-20 12:00:39'),('08dca24b-7efa-418d-895a-14d4ed05e443','859fb385-f865-4deb-907f-6da4bce1ea18',0,'e1c09570-9be1-4335-841a-e5ec4352946e','24','Bruno',15,0,0,1,NULL,'2023-06-20 13:00:43'),('08dca24b-7efa-4190-8895-e99fc145f976','859fb385-f865-4deb-907f-6da4bce1ea18',0,'e1c09570-9be1-4335-841a-e5ec4352946e','24','Bruno',15,0,0,1,NULL,'2023-06-20 17:00:02'),('08dca24b-7efa-4196-8d29-9aefaa36fd78','859fb385-f865-4deb-907f-6da4bce1ea18',0,'e1c09570-9be1-4335-841a-e5ec4352946e','24','Bruno',15,0,0,1,NULL,'2023-06-21 12:57:28'),('08dca24b-7efa-4199-8de5-4fce39d67776','859fb385-f865-4deb-907f-6da4bce1ea18',0,'6d3fdf36-0f5b-4ce6-a217-3a395f3cc534','22','Norberto Pinto',15,0,0,1,NULL,'2023-06-21 15:09:08'),('08dca24b-7efa-419c-8c0d-2f93bb1dc2e1','859fb385-f865-4deb-907f-6da4bce1ea18',0,'e1c09570-9be1-4335-841a-e5ec4352946e','24','Bruno',15,0,0,1,NULL,'2023-06-21 16:59:51'),('08dca24b-7efa-41a0-87f8-86040e1943bd','859fb385-f865-4deb-907f-6da4bce1ea18',0,'e1c09570-9be1-4335-841a-e5ec4352946e','24','Bruno',15,0,0,1,NULL,'2023-06-22 08:07:21'),('08dca24b-7efa-41a3-8777-765359ab37d1','859fb385-f865-4deb-907f-6da4bce1ea18',0,'6d3fdf36-0f5b-4ce6-a217-3a395f3cc534','22','Norberto Pinto',15,0,0,1,NULL,'2023-06-22 08:46:37'),('08dca24b-7efa-41a7-8109-631594fbcbe7','859fb385-f865-4deb-907f-6da4bce1ea18',0,'e1c09570-9be1-4335-841a-e5ec4352946e','24','Bruno',15,0,0,1,NULL,'2023-06-22 13:19:42'),('08dca24b-7efa-41aa-8057-09fb4604a10f','859fb385-f865-4deb-907f-6da4bce1ea18',0,'e1c09570-9be1-4335-841a-e5ec4352946e','24','Bruno',15,0,0,1,NULL,'2023-06-22 17:00:11'),('08dca24b-7efa-41ad-8187-ba7bb47184b2','859fb385-f865-4deb-907f-6da4bce1ea18',0,'6d3fdf36-0f5b-4ce6-a217-3a395f3cc534','22','Norberto Pinto',15,0,0,1,NULL,'2023-06-23 06:27:54'),('08dca24b-7efa-41af-8e22-8b3ef12171b5','859fb385-f865-4deb-907f-6da4bce1ea18',0,'e1c09570-9be1-4335-841a-e5ec4352946e','24','Bruno',15,0,0,1,NULL,'2023-06-23 08:07:19'),('08dca24b-7efa-41b2-8d31-2846c0bc7f3b','859fb385-f865-4deb-907f-6da4bce1ea18',0,'6d3fdf36-0f5b-4ce6-a217-3a395f3cc534','22','Norberto Pinto',15,0,0,1,NULL,'2023-06-23 08:22:32'),('08dca24b-7efa-41b5-8c02-343866552997','859fb385-f865-4deb-907f-6da4bce1ea18',0,'e1c09570-9be1-4335-841a-e5ec4352946e','24','Bruno',15,0,0,1,NULL,'2023-06-23 12:02:23'),('08dca24b-7efa-41b8-8d87-e18a40d5020e','859fb385-f865-4deb-907f-6da4bce1ea18',0,'e1c09570-9be1-4335-841a-e5ec4352946e','24','Bruno',15,0,0,1,NULL,'2023-06-23 13:01:08'),('08dca24b-7efa-41bb-8b66-c33ad863323d','859fb385-f865-4deb-907f-6da4bce1ea18',0,'e1c09570-9be1-4335-841a-e5ec4352946e','24','Bruno',15,0,0,1,NULL,'2023-06-23 15:51:04'),('08dca24b-7efa-41bf-807a-613bd83e2b3c','859fb385-f865-4deb-907f-6da4bce1ea18',0,'e1c09570-9be1-4335-841a-e5ec4352946e','24','Bruno',15,0,0,1,NULL,'2023-06-26 08:10:34'),('08dca24b-7efa-41c1-8e2f-92c5b0ad7e35','859fb385-f865-4deb-907f-6da4bce1ea18',0,'6d3fdf36-0f5b-4ce6-a217-3a395f3cc534','22','Norberto Pinto',15,0,0,1,NULL,'2023-06-26 08:25:19'),('08dca24b-7efa-41c4-8d54-b9d7cd72d0fe','859fb385-f865-4deb-907f-6da4bce1ea18',0,'6d3fdf36-0f5b-4ce6-a217-3a395f3cc534','22','Norberto Pinto',15,0,0,1,NULL,'2023-06-26 08:26:20'),('08dca24b-7efa-41c7-8c21-a8942c7302f4','859fb385-f865-4deb-907f-6da4bce1ea18',0,'e1c09570-9be1-4335-841a-e5ec4352946e','24','Bruno',15,0,0,1,NULL,'2023-06-26 12:58:32'),('08dca24b-7efa-41ca-8b25-2db924642eca','859fb385-f865-4deb-907f-6da4bce1ea18',0,'e1c09570-9be1-4335-841a-e5ec4352946e','24','Bruno',15,0,0,1,NULL,'2023-06-26 17:00:12'),('08dca24b-7efa-41cd-88b2-b83fba9dc6e6','859fb385-f865-4deb-907f-6da4bce1ea18',0,'7207f14a-06e6-47ec-96fc-b3983c5a10c6','33','Gabriel Duarte',15,0,0,1,NULL,'2023-06-26 17:15:42'),('08dca24b-7efa-41d0-86e2-11fe6b97ef5f','859fb385-f865-4deb-907f-6da4bce1ea18',0,'7207f14a-06e6-47ec-96fc-b3983c5a10c6','33','Gabriel Duarte',15,0,0,1,NULL,'2023-06-26 17:27:37'),('08dca24b-7efa-41d3-848f-321ebe6a4afa','859fb385-f865-4deb-907f-6da4bce1ea18',0,'6d3fdf36-0f5b-4ce6-a217-3a395f3cc534','22','Norberto Pinto',15,0,0,1,NULL,'2023-06-27 08:32:29'),('08dca24b-7efa-41d6-85c9-854dd5b1e51d','859fb385-f865-4deb-907f-6da4bce1ea18',0,'6d3fdf36-0f5b-4ce6-a217-3a395f3cc534','22','Norberto Pinto',15,0,0,1,NULL,'2023-06-27 08:33:39'),('08dca24b-7efa-41da-8264-79fb1e8752f0','859fb385-f865-4deb-907f-6da4bce1ea18',0,'e1c09570-9be1-4335-841a-e5ec4352946e','24','Bruno',15,0,0,1,NULL,'2023-06-27 08:43:18'),('08dca24b-7efa-41dd-823c-fea3b8c514fe','859fb385-f865-4deb-907f-6da4bce1ea18',0,'e1c09570-9be1-4335-841a-e5ec4352946e','24','Bruno',15,0,0,1,NULL,'2023-06-27 12:02:01'),('08dca24b-7efa-41e0-8182-9a2a6d7cf409','859fb385-f865-4deb-907f-6da4bce1ea18',0,'e1c09570-9be1-4335-841a-e5ec4352946e','24','Bruno',15,0,0,1,NULL,'2023-06-27 12:58:26'),('08dca24b-7efa-41e2-8fae-282ff71f51d8','859fb385-f865-4deb-907f-6da4bce1ea18',0,'e1c09570-9be1-4335-841a-e5ec4352946e','24','Bruno',15,0,0,1,NULL,'2023-06-27 16:58:50'),('08dca24b-7efa-41e5-8eb8-eaffb94faec2','859fb385-f865-4deb-907f-6da4bce1ea18',0,'6d3fdf36-0f5b-4ce6-a217-3a395f3cc534','22','Norberto Pinto',15,0,0,1,NULL,'2023-06-28 07:58:30'),('08dca24b-7efa-41e8-8bb5-c665c7f9dcec','859fb385-f865-4deb-907f-6da4bce1ea18',0,'6d3fdf36-0f5b-4ce6-a217-3a395f3cc534','22','Norberto Pinto',15,0,0,1,NULL,'2023-06-28 08:05:52'),('08dca24b-7efa-41eb-8a45-97389f1ba19a','859fb385-f865-4deb-907f-6da4bce1ea18',0,'e1c09570-9be1-4335-841a-e5ec4352946e','24','Bruno',15,0,0,1,NULL,'2023-06-28 08:06:56'),('08dca24b-7efa-41ee-8b75-c7b1c061e709','859fb385-f865-4deb-907f-6da4bce1ea18',0,'e1c09570-9be1-4335-841a-e5ec4352946e','24','Bruno',15,0,0,1,NULL,'2023-06-28 12:00:18'),('08dca24b-7efa-41f4-8a17-2cf969eae9b8','859fb385-f865-4deb-907f-6da4bce1ea18',0,'6d3fdf36-0f5b-4ce6-a217-3a395f3cc534','22','Norberto Pinto',15,0,0,1,NULL,'2023-06-28 13:31:53'),('08dca24b-7efa-41f7-8bd9-87a872433d78','859fb385-f865-4deb-907f-6da4bce1ea18',0,'6d3fdf36-0f5b-4ce6-a217-3a395f3cc534','22','Norberto Pinto',15,0,0,1,NULL,'2023-06-28 13:33:04'),('08dca24b-7efa-41fa-8a16-16f282157415','859fb385-f865-4deb-907f-6da4bce1ea18',0,'e1c09570-9be1-4335-841a-e5ec4352946e','24','Bruno',15,0,0,1,NULL,'2023-06-29 08:07:13'),('08dca24b-7efa-41fd-895e-f1c545ca7635','859fb385-f865-4deb-907f-6da4bce1ea18',0,'6d3fdf36-0f5b-4ce6-a217-3a395f3cc534','22','Norberto Pinto',15,0,0,1,NULL,'2023-06-29 08:07:17'),('08dca24b-7efa-4200-894e-ebe32c205aa3','859fb385-f865-4deb-907f-6da4bce1ea18',0,'e1c09570-9be1-4335-841a-e5ec4352946e','24','Bruno',15,0,0,1,NULL,'2023-06-29 10:10:19'),('08dca24b-7efa-4203-88ed-aba56d38ab4a','859fb385-f865-4deb-907f-6da4bce1ea18',0,'e1c09570-9be1-4335-841a-e5ec4352946e','24','Bruno',15,0,0,1,NULL,'2023-06-29 12:05:33'),('08dca24b-7efa-4206-872a-329c1fa8032b','859fb385-f865-4deb-907f-6da4bce1ea18',0,'e1c09570-9be1-4335-841a-e5ec4352946e','24','Bruno',15,0,0,1,NULL,'2023-06-29 13:13:56'),('08dca24b-7efa-4209-85d0-63641d86add3','859fb385-f865-4deb-907f-6da4bce1ea18',0,'6d3fdf36-0f5b-4ce6-a217-3a395f3cc534','22','Norberto Pinto',15,0,0,1,NULL,'2023-06-29 13:24:08'),('08dca24b-7efa-420c-89b6-5d6d6af165db','859fb385-f865-4deb-907f-6da4bce1ea18',0,'e1c09570-9be1-4335-841a-e5ec4352946e','24','Bruno',15,0,0,1,NULL,'2023-06-29 16:59:08'),('08dca24b-7efa-420f-8b98-407c133577e6','859fb385-f865-4deb-907f-6da4bce1ea18',0,'6d3fdf36-0f5b-4ce6-a217-3a395f3cc534','22','Norberto Pinto',15,0,0,1,NULL,'2023-06-30 08:05:28'),('08dca24b-7efa-4212-8e58-e76a2ab809b3','859fb385-f865-4deb-907f-6da4bce1ea18',0,'e1c09570-9be1-4335-841a-e5ec4352946e','24','Bruno',15,0,0,1,NULL,'2023-06-30 08:07:56'),('08dca24b-7efa-4215-8de9-97431f74b19a','859fb385-f865-4deb-907f-6da4bce1ea18',0,'e1c09570-9be1-4335-841a-e5ec4352946e','24','Bruno',15,0,0,1,NULL,'2023-06-30 12:01:25'),('08dca24b-7efa-4218-8c06-06367ad46407','859fb385-f865-4deb-907f-6da4bce1ea18',0,'e1c09570-9be1-4335-841a-e5ec4352946e','24','Bruno',15,0,0,1,NULL,'2023-06-30 13:00:03'),('08dca24b-7efa-421b-8b34-903c773848c4','859fb385-f865-4deb-907f-6da4bce1ea18',0,'e1c09570-9be1-4335-841a-e5ec4352946e','24','Bruno',15,0,0,1,NULL,'2023-06-30 16:59:39'),('08dca24b-7efa-421e-8a78-5fb9cbae4898','859fb385-f865-4deb-907f-6da4bce1ea18',0,'6d3fdf36-0f5b-4ce6-a217-3a395f3cc534','22','Norberto Pinto',15,0,0,1,NULL,'2023-07-03 07:01:24'),('08dca24b-7efa-4221-885b-eb523aa5d3c7','859fb385-f865-4deb-907f-6da4bce1ea18',0,'6d3fdf36-0f5b-4ce6-a217-3a395f3cc534','22','Norberto Pinto',15,0,0,1,NULL,'2023-07-03 07:06:10'),('08dca24b-7efa-4224-87d3-3e8a1f173aae','859fb385-f865-4deb-907f-6da4bce1ea18',0,'e1c09570-9be1-4335-841a-e5ec4352946e','24','Bruno',15,0,0,1,NULL,'2023-07-03 08:29:40'),('08dca24b-7efa-4228-8252-6d9046677b2e','859fb385-f865-4deb-907f-6da4bce1ea18',0,'6d3fdf36-0f5b-4ce6-a217-3a395f3cc534','22','Norberto Pinto',15,0,0,1,NULL,'2023-07-03 10:02:18'),('08dca24b-7efa-422b-85ac-dbb28e7c7299','859fb385-f865-4deb-907f-6da4bce1ea18',0,'e1c09570-9be1-4335-841a-e5ec4352946e','24','Bruno',15,0,0,1,NULL,'2023-07-03 12:01:23'),('08dca24b-7efa-422e-87e8-1be214dac84e','859fb385-f865-4deb-907f-6da4bce1ea18',0,'e1c09570-9be1-4335-841a-e5ec4352946e','24','Bruno',15,0,0,1,NULL,'2023-07-03 13:01:26'),('08dca24b-7efa-4231-84f4-84390a7be855','859fb385-f865-4deb-907f-6da4bce1ea18',0,'e1c09570-9be1-4335-841a-e5ec4352946e','24','Bruno',15,0,0,1,NULL,'2023-07-03 16:54:00'),('08dca24b-7efa-4234-846a-1e91cd55da78','859fb385-f865-4deb-907f-6da4bce1ea18',0,'62d208ba-dd5f-46c6-a02f-a179fbe47b55','29','Rodrigo',15,0,0,1,NULL,'2023-07-05 07:58:06'),('08dca24b-7efa-4237-84e5-a6720f23a4fd','859fb385-f865-4deb-907f-6da4bce1ea18',0,'e1c09570-9be1-4335-841a-e5ec4352946e','24','Bruno',15,0,0,1,NULL,'2023-07-05 08:07:43'),('08dca24b-7efa-423a-83a2-e0742d18bd93','859fb385-f865-4deb-907f-6da4bce1ea18',0,'e1c09570-9be1-4335-841a-e5ec4352946e','24','Bruno',15,0,0,1,NULL,'2023-07-05 12:02:05'),('08dca24b-7efa-423d-8132-4b2ee11dd9e4','859fb385-f865-4deb-907f-6da4bce1ea18',0,'e1c09570-9be1-4335-841a-e5ec4352946e','24','Bruno',15,0,0,1,NULL,'2023-07-05 12:58:05'),('08dca24b-7efa-4240-8453-208052e01ef4','859fb385-f865-4deb-907f-6da4bce1ea18',0,'62d208ba-dd5f-46c6-a02f-a179fbe47b55','29','Rodrigo',15,0,0,1,NULL,'2023-07-05 16:58:15'),('08dca24b-7efa-4243-835a-269a6a4734bc','859fb385-f865-4deb-907f-6da4bce1ea18',0,'6d3fdf36-0f5b-4ce6-a217-3a395f3cc534','22','Norberto Pinto',15,0,0,1,NULL,'2023-07-06 07:31:16'),('08dca24b-7efa-4246-82dc-567b40db1217','859fb385-f865-4deb-907f-6da4bce1ea18',0,'62d208ba-dd5f-46c6-a02f-a179fbe47b55','29','Rodrigo',15,0,0,1,NULL,'2023-07-06 07:57:40'),('08dca24b-7efa-4249-856c-831843e1a7e1','859fb385-f865-4deb-907f-6da4bce1ea18',0,'7207f14a-06e6-47ec-96fc-b3983c5a10c6','33','Gabriel Duarte',15,0,0,1,NULL,'2023-07-06 10:26:53'),('08dca24b-7efa-424c-84a1-945748d267f9','859fb385-f865-4deb-907f-6da4bce1ea18',0,'7207f14a-06e6-47ec-96fc-b3983c5a10c6','33','Gabriel Duarte',15,0,0,1,NULL,'2023-07-06 11:38:56'),('08dca24b-7efa-424f-85f0-d0aefcd8f193','859fb385-f865-4deb-907f-6da4bce1ea18',0,'62d208ba-dd5f-46c6-a02f-a179fbe47b55','29','Rodrigo',15,0,0,1,NULL,'2023-07-06 11:54:26'),('08dca24b-7efa-4252-83e3-fb92d35b5b4f','859fb385-f865-4deb-907f-6da4bce1ea18',0,'62d208ba-dd5f-46c6-a02f-a179fbe47b55','29','Rodrigo',15,0,0,1,NULL,'2023-07-06 13:04:45'),('08dca24b-7efa-4255-8183-097a3fbe8894','859fb385-f865-4deb-907f-6da4bce1ea18',0,'e1c09570-9be1-4335-841a-e5ec4352946e','24','Bruno',15,0,0,1,NULL,'2023-07-06 13:04:50'),('08dca24b-7efa-4257-8f50-56e563ae24ee','859fb385-f865-4deb-907f-6da4bce1ea18',0,'62d208ba-dd5f-46c6-a02f-a179fbe47b55','29','Rodrigo',15,0,0,1,NULL,'2023-07-06 16:57:47'),('08dca24b-7efa-425b-88d4-b3e195f8d33e','859fb385-f865-4deb-907f-6da4bce1ea18',0,'e1c09570-9be1-4335-841a-e5ec4352946e','24','Bruno',15,0,0,1,NULL,'2023-07-06 16:58:03'),('08dca24b-7efa-425e-8ab1-7b394f0a49f5','859fb385-f865-4deb-907f-6da4bce1ea18',0,'62d208ba-dd5f-46c6-a02f-a179fbe47b55','29','Rodrigo',15,0,0,1,NULL,'2023-07-07 08:01:06'),('08dca24b-7efa-4261-8959-fb59781296db','859fb385-f865-4deb-907f-6da4bce1ea18',0,'e1c09570-9be1-4335-841a-e5ec4352946e','24','Bruno',15,0,0,1,NULL,'2023-07-07 08:06:56'),('08dca24b-7efa-4264-899a-0630614b9068','859fb385-f865-4deb-907f-6da4bce1ea18',0,'6d3fdf36-0f5b-4ce6-a217-3a395f3cc534','22','Norberto Pinto',15,0,0,1,NULL,'2023-07-07 08:14:10'),('08dca24b-7efa-4267-8752-8f206dc73191','859fb385-f865-4deb-907f-6da4bce1ea18',0,'62d208ba-dd5f-46c6-a02f-a179fbe47b55','29','Rodrigo',15,0,0,1,NULL,'2023-07-07 12:00:21'),('08dca24b-7efa-426a-87de-1546a5a0b286','859fb385-f865-4deb-907f-6da4bce1ea18',0,'e1c09570-9be1-4335-841a-e5ec4352946e','24','Bruno',15,0,0,1,NULL,'2023-07-07 12:01:36'),('08dca24b-7efa-426d-8536-adbf0b8dc9a3','859fb385-f865-4deb-907f-6da4bce1ea18',0,'62d208ba-dd5f-46c6-a02f-a179fbe47b55','29','Rodrigo',15,0,0,1,NULL,'2023-07-07 12:59:40'),('08dca24b-7efa-4270-8579-3814ae1118af','859fb385-f865-4deb-907f-6da4bce1ea18',0,'6d3fdf36-0f5b-4ce6-a217-3a395f3cc534','22','Norberto Pinto',15,0,0,1,NULL,'2023-07-07 12:59:52'),('08dca24b-7efa-4273-8b87-89cfe1bf401e','859fb385-f865-4deb-907f-6da4bce1ea18',0,'e1c09570-9be1-4335-841a-e5ec4352946e','24','Bruno',15,0,0,1,NULL,'2023-07-07 13:00:50'),('08dca24b-7efa-4276-8a24-b94b14f2f9b3','859fb385-f865-4deb-907f-6da4bce1ea18',0,'62d208ba-dd5f-46c6-a02f-a179fbe47b55','29','Rodrigo',15,0,0,1,NULL,'2023-07-07 16:58:20'),('08dca24b-7efa-4279-8a54-fc293c9cde89','859fb385-f865-4deb-907f-6da4bce1ea18',0,'e1c09570-9be1-4335-841a-e5ec4352946e','24','Bruno',15,0,0,1,NULL,'2023-07-07 16:58:36'),('08dca24b-7efa-427c-894e-a5bc0018c656','859fb385-f865-4deb-907f-6da4bce1ea18',0,'62d208ba-dd5f-46c6-a02f-a179fbe47b55','29','Rodrigo',15,0,0,1,NULL,'2023-07-10 08:02:28'),('08dca24b-7efa-4280-83a0-286ba55de47a','859fb385-f865-4deb-907f-6da4bce1ea18',0,'e1c09570-9be1-4335-841a-e5ec4352946e','24','Bruno',15,0,0,1,NULL,'2023-07-10 08:07:16'),('08dca24b-7efa-4283-8a8a-37617467f7db','859fb385-f865-4deb-907f-6da4bce1ea18',0,'e1c09570-9be1-4335-841a-e5ec4352946e','24','Bruno',15,0,0,1,NULL,'2023-07-10 12:00:56'),('08dca24b-7efa-4286-8bee-44c0251ac40a','859fb385-f865-4deb-907f-6da4bce1ea18',0,'e1c09570-9be1-4335-841a-e5ec4352946e','24','Bruno',15,0,0,1,NULL,'2023-07-10 13:01:04'),('08dca24b-7efa-4289-8939-0968902b3f72','859fb385-f865-4deb-907f-6da4bce1ea18',0,'6d3fdf36-0f5b-4ce6-a217-3a395f3cc534','22','Norberto Pinto',15,0,0,1,NULL,'2023-07-10 13:15:28'),('08dca24b-7efa-428c-8bd9-441c79e52cf1','859fb385-f865-4deb-907f-6da4bce1ea18',0,'6d3fdf36-0f5b-4ce6-a217-3a395f3cc534','22','Norberto Pinto',15,0,0,1,NULL,'2023-07-10 13:21:23'),('08dca24b-7efa-4290-857c-73b219341804','859fb385-f865-4deb-907f-6da4bce1ea18',0,'e1c09570-9be1-4335-841a-e5ec4352946e','24','Bruno',15,0,0,1,NULL,'2023-07-10 16:57:41'),('08dca24b-7efa-4293-8446-cd98cd5c7676','859fb385-f865-4deb-907f-6da4bce1ea18',0,'62d208ba-dd5f-46c6-a02f-a179fbe47b55','29','Rodrigo',15,0,0,1,NULL,'2023-07-10 17:01:29'),('08dca24b-7efa-4296-8239-fc47512a0184','859fb385-f865-4deb-907f-6da4bce1ea18',0,'6d3fdf36-0f5b-4ce6-a217-3a395f3cc534','22','Norberto Pinto',15,0,0,1,NULL,'2023-07-11 07:06:36'),('08dca24b-7efa-4299-801d-0f9131fb572f','859fb385-f865-4deb-907f-6da4bce1ea18',0,'62d208ba-dd5f-46c6-a02f-a179fbe47b55','29','Rodrigo',15,0,0,1,NULL,'2023-07-11 07:59:15'),('08dca24b-7efa-429b-8f6b-37ef1d152db4','859fb385-f865-4deb-907f-6da4bce1ea18',0,'e1c09570-9be1-4335-841a-e5ec4352946e','24','Bruno',15,0,0,1,NULL,'2023-07-11 08:07:11'),('08dca24b-7efa-429e-8df1-be286834776a','859fb385-f865-4deb-907f-6da4bce1ea18',0,'e1c09570-9be1-4335-841a-e5ec4352946e','24','Bruno',15,0,0,1,NULL,'2023-07-11 11:59:27'),('08dca24b-7efa-42a1-8b3e-80868d71eaee','859fb385-f865-4deb-907f-6da4bce1ea18',0,'e1c09570-9be1-4335-841a-e5ec4352946e','24','Bruno',15,0,0,1,NULL,'2023-07-11 13:00:12'),('08dca24b-7efa-42a4-8a84-212d507f4b9f','859fb385-f865-4deb-907f-6da4bce1ea18',0,'e1c09570-9be1-4335-841a-e5ec4352946e','24','Bruno',15,0,0,1,NULL,'2023-07-11 16:59:43'),('08dca24b-7efa-42a7-8e5f-2e9326aca4d2','859fb385-f865-4deb-907f-6da4bce1ea18',0,'62d208ba-dd5f-46c6-a02f-a179fbe47b55','29','Rodrigo',15,0,0,1,NULL,'2023-07-11 16:59:46'),('08dca24b-7efa-42ab-8030-eac67008d0ee','859fb385-f865-4deb-907f-6da4bce1ea18',0,'62d208ba-dd5f-46c6-a02f-a179fbe47b55','29','Rodrigo',15,0,0,1,NULL,'2023-07-12 08:02:34'),('08dca24b-7efa-42ae-82ef-94e4c37e57fd','859fb385-f865-4deb-907f-6da4bce1ea18',0,'6d3fdf36-0f5b-4ce6-a217-3a395f3cc534','22','Norberto Pinto',15,0,0,1,NULL,'2023-07-12 08:06:13'),('08dca24b-7efa-42b1-8131-ca1ca95b8a21','859fb385-f865-4deb-907f-6da4bce1ea18',0,'62d208ba-dd5f-46c6-a02f-a179fbe47b55','29','Rodrigo',15,0,0,1,NULL,'2023-07-12 17:05:27'),('08dca24b-7efa-42b3-8e3c-034d496eccad','859fb385-f865-4deb-907f-6da4bce1ea18',0,'6d3fdf36-0f5b-4ce6-a217-3a395f3cc534','22','Norberto Pinto',15,0,0,1,NULL,'2023-07-13 07:58:24'),('08dca24b-7efa-42b6-8b38-5dfbfe7067b5','859fb385-f865-4deb-907f-6da4bce1ea18',0,'62d208ba-dd5f-46c6-a02f-a179fbe47b55','29','Rodrigo',15,0,0,1,NULL,'2023-07-13 08:02:04'),('08dca24b-7efa-42ba-80bf-fbb6221311a5','859fb385-f865-4deb-907f-6da4bce1ea18',0,'62d208ba-dd5f-46c6-a02f-a179fbe47b55','29','Rodrigo',15,0,0,1,NULL,'2023-07-13 16:54:17'),('08dca24b-7efa-42bc-8f5c-2a2b08e56b79','859fb385-f865-4deb-907f-6da4bce1ea18',0,'6d3fdf36-0f5b-4ce6-a217-3a395f3cc534','22','Norberto Pinto',15,0,0,1,NULL,'2023-07-14 07:33:26'),('08dca24b-7efa-42c0-88aa-9f2bab5a24b9','859fb385-f865-4deb-907f-6da4bce1ea18',0,'6d3fdf36-0f5b-4ce6-a217-3a395f3cc534','22','Norberto Pinto',15,0,0,1,NULL,'2023-07-14 07:43:59'),('08dca24b-7efa-42c6-8622-2f7d83e51670','859fb385-f865-4deb-907f-6da4bce1ea18',0,'6d3fdf36-0f5b-4ce6-a217-3a395f3cc534','22','Norberto Pinto',15,0,0,1,NULL,'2023-07-14 07:48:07'),('08dca24b-7efa-42c9-85a6-1caeaf708213','859fb385-f865-4deb-907f-6da4bce1ea18',0,'62d208ba-dd5f-46c6-a02f-a179fbe47b55','29','Rodrigo',15,0,0,1,NULL,'2023-07-14 08:03:49'),('08dca24b-7efa-42cc-844b-d9dad53f18b0','859fb385-f865-4deb-907f-6da4bce1ea18',0,'6d3fdf36-0f5b-4ce6-a217-3a395f3cc534','22','Norberto Pinto',15,0,0,1,NULL,'2023-07-17 08:23:10'),('08dca24b-7efa-42cf-834a-a6bbb3fd91ea','859fb385-f865-4deb-907f-6da4bce1ea18',0,'6d3fdf36-0f5b-4ce6-a217-3a395f3cc534','22','Norberto Pinto',15,0,0,1,NULL,'2023-07-17 08:25:37'),('08dca24b-7efa-42d2-8aa3-99a149e4e50a','859fb385-f865-4deb-907f-6da4bce1ea18',0,'7207f14a-06e6-47ec-96fc-b3983c5a10c6','33','Gabriel Duarte',15,0,0,1,NULL,'2023-07-17 16:55:32'),('08dca24b-7efa-42d6-8170-2acf19e9a6d0','859fb385-f865-4deb-907f-6da4bce1ea18',0,'62d208ba-dd5f-46c6-a02f-a179fbe47b55','29','Rodrigo',15,0,0,1,NULL,'2023-07-18 07:56:42'),('08dca24b-7efa-42d9-8185-567a79630edc','859fb385-f865-4deb-907f-6da4bce1ea18',0,'62d208ba-dd5f-46c6-a02f-a179fbe47b55','29','Rodrigo',15,0,0,1,NULL,'2023-07-18 13:03:35'),('08dca24b-7efa-42dc-8114-83880434f9b0','859fb385-f865-4deb-907f-6da4bce1ea18',0,'62d208ba-dd5f-46c6-a02f-a179fbe47b55','29','Rodrigo',15,0,0,1,NULL,'2023-07-18 17:03:28'),('08dca24b-7efa-42df-82e2-47de117ec75d','859fb385-f865-4deb-907f-6da4bce1ea18',0,'6d3fdf36-0f5b-4ce6-a217-3a395f3cc534','22','Norberto Pinto',15,0,0,1,NULL,'2023-07-24 07:54:55'),('08dca24b-7efa-42e2-8158-002aa34bb3d5','859fb385-f865-4deb-907f-6da4bce1ea18',0,'6d3fdf36-0f5b-4ce6-a217-3a395f3cc534','22','Norberto Pinto',15,0,0,1,NULL,'2023-07-24 07:56:14'),('08dca24b-7efa-42e5-82ed-81e186d683f5','859fb385-f865-4deb-907f-6da4bce1ea18',0,'62d208ba-dd5f-46c6-a02f-a179fbe47b55','29','Rodrigo',15,0,0,1,NULL,'2023-07-24 07:56:36'),('08dca24b-7efa-42e8-859d-a3925d0a1673','859fb385-f865-4deb-907f-6da4bce1ea18',0,'e1c09570-9be1-4335-841a-e5ec4352946e','24','Bruno',15,0,0,1,NULL,'2023-07-24 08:07:21'),('08dca24b-7efa-42eb-8571-e209b06c409e','859fb385-f865-4deb-907f-6da4bce1ea18',0,'e1c09570-9be1-4335-841a-e5ec4352946e','24','Bruno',15,0,0,1,NULL,'2023-07-24 12:00:10'),('08dca24b-7efa-42ee-8dbd-2e7d02b1c24a','859fb385-f865-4deb-907f-6da4bce1ea18',0,'e1c09570-9be1-4335-841a-e5ec4352946e','24','Bruno',15,0,0,1,NULL,'2023-07-24 13:20:09'),('08dca24b-7efa-42f1-8d74-426501e6e1d1','859fb385-f865-4deb-907f-6da4bce1ea18',0,'6d3fdf36-0f5b-4ce6-a217-3a395f3cc534','22','Norberto Pinto',15,0,0,1,NULL,'2023-07-24 15:29:04'),('08dca24b-7efa-42f5-832c-75e8f821d3b3','859fb385-f865-4deb-907f-6da4bce1ea18',0,'6d3fdf36-0f5b-4ce6-a217-3a395f3cc534','22','Norberto Pinto',15,0,0,1,NULL,'2023-07-24 16:19:25'),('08dca24b-7efa-42f8-84da-1c43cc7b721c','859fb385-f865-4deb-907f-6da4bce1ea18',0,'e1c09570-9be1-4335-841a-e5ec4352946e','24','Bruno',15,0,0,1,NULL,'2023-07-24 16:58:59'),('08dca24b-7efa-42fb-87b1-282e2db84dec','859fb385-f865-4deb-907f-6da4bce1ea18',0,'62d208ba-dd5f-46c6-a02f-a179fbe47b55','29','Rodrigo',15,0,0,1,NULL,'2023-07-25 08:05:15'),('08dca24b-7efa-42fe-8431-b1eb56f3db08','859fb385-f865-4deb-907f-6da4bce1ea18',0,'62d208ba-dd5f-46c6-a02f-a179fbe47b55','29','Rodrigo',15,0,0,1,NULL,'2023-07-25 08:22:55'),('08dca24b-7efa-4301-8386-228ba6dd1106','859fb385-f865-4deb-907f-6da4bce1ea18',0,'6d3fdf36-0f5b-4ce6-a217-3a395f3cc534','22','Norberto Pinto',15,0,0,1,NULL,'2023-07-25 08:27:40'),('08dca24b-7efa-4304-825c-c107f1a012f8','859fb385-f865-4deb-907f-6da4bce1ea18',0,'e1c09570-9be1-4335-841a-e5ec4352946e','24','Bruno',15,0,0,1,NULL,'2023-07-25 08:52:37'),('08dca24b-7efa-4307-88b0-f17cb70df7e2','859fb385-f865-4deb-907f-6da4bce1ea18',0,'62d208ba-dd5f-46c6-a02f-a179fbe47b55','29','Rodrigo',15,0,0,1,NULL,'2023-07-25 11:59:58'),('08dca24b-7efa-430a-87f0-6e50fdcfa46d','859fb385-f865-4deb-907f-6da4bce1ea18',0,'e1c09570-9be1-4335-841a-e5ec4352946e','24','Bruno',15,0,0,1,NULL,'2023-07-25 12:00:21'),('08dca24b-7efa-430d-863d-28fe317a3cfb','859fb385-f865-4deb-907f-6da4bce1ea18',0,'62d208ba-dd5f-46c6-a02f-a179fbe47b55','29','Rodrigo',15,0,0,1,NULL,'2023-07-25 12:52:29'),('08dca24b-7efa-4310-853f-ec22c3e1c4f7','859fb385-f865-4deb-907f-6da4bce1ea18',0,'e1c09570-9be1-4335-841a-e5ec4352946e','24','Bruno',15,0,0,1,NULL,'2023-07-25 13:00:34'),('08dca24b-7efa-4313-8458-27427a20b4ab','859fb385-f865-4deb-907f-6da4bce1ea18',0,'62d208ba-dd5f-46c6-a02f-a179fbe47b55','29','Rodrigo',15,0,0,1,NULL,'2023-07-25 14:28:00'),('08dca24b-7efa-4316-82f6-6bb460096391','859fb385-f865-4deb-907f-6da4bce1ea18',0,'e1c09570-9be1-4335-841a-e5ec4352946e','24','Bruno',15,0,0,1,NULL,'2023-07-25 17:00:39'),('08dca24b-7efa-4319-821e-0f7e846e7f2e','859fb385-f865-4deb-907f-6da4bce1ea18',0,'e1c09570-9be1-4335-841a-e5ec4352946e','24','Bruno',15,0,0,1,NULL,'2023-07-26 08:06:25'),('08dca24b-7efa-431b-8e73-b9d8b50bce1d','859fb385-f865-4deb-907f-6da4bce1ea18',0,'6d3fdf36-0f5b-4ce6-a217-3a395f3cc534','22','Norberto Pinto',15,0,0,1,NULL,'2023-07-26 08:52:16'),('08dca24b-7efa-431f-83ff-d96a020e8978','859fb385-f865-4deb-907f-6da4bce1ea18',0,'62d208ba-dd5f-46c6-a02f-a179fbe47b55','29','Rodrigo',15,0,0,1,NULL,'2023-07-26 12:58:53'),('08dca24b-7efa-4322-801f-5771f9a74202','859fb385-f865-4deb-907f-6da4bce1ea18',0,'e1c09570-9be1-4335-841a-e5ec4352946e','24','Bruno',15,0,0,1,NULL,'2023-07-26 12:58:59'),('08dca24b-7efa-4325-80c9-8593e9b65097','859fb385-f865-4deb-907f-6da4bce1ea18',0,'62d208ba-dd5f-46c6-a02f-a179fbe47b55','29','Rodrigo',15,0,0,1,NULL,'2023-07-26 16:06:33'),('08dca24b-7efa-4327-8d0d-c9b1cbc1e1b2','859fb385-f865-4deb-907f-6da4bce1ea18',0,'e1c09570-9be1-4335-841a-e5ec4352946e','24','Bruno',15,0,0,1,NULL,'2023-07-26 17:02:16'),('08dca24b-7efa-432b-80c4-f5617ad304b2','859fb385-f865-4deb-907f-6da4bce1ea18',0,'e1c09570-9be1-4335-841a-e5ec4352946e','24','Bruno',15,0,0,1,NULL,'2023-07-27 08:42:11'),('08dca24b-7efa-432e-80db-c699da647c22','859fb385-f865-4deb-907f-6da4bce1ea18',0,'6d3fdf36-0f5b-4ce6-a217-3a395f3cc534','22','Norberto Pinto',15,0,0,1,NULL,'2023-07-27 08:54:55'),('08dca24b-7efa-4330-8f00-7454342ce1b6','859fb385-f865-4deb-907f-6da4bce1ea18',0,'e1c09570-9be1-4335-841a-e5ec4352946e','24','Bruno',15,0,0,1,NULL,'2023-07-27 17:00:52'),('08dca24b-7efa-4333-8da9-d2da9a7e1268','859fb385-f865-4deb-907f-6da4bce1ea18',0,'e1c09570-9be1-4335-841a-e5ec4352946e','24','Bruno',15,0,0,1,NULL,'2023-07-28 08:11:22'),('08dca24b-7efa-4336-8b28-26ceb749c6f7','859fb385-f865-4deb-907f-6da4bce1ea18',0,'6d3fdf36-0f5b-4ce6-a217-3a395f3cc534','22','Norberto Pinto',15,0,0,1,NULL,'2023-07-28 08:19:29'),('08dca24b-7efa-433a-821d-6f33cbbcc41c','859fb385-f865-4deb-907f-6da4bce1ea18',0,'6d3fdf36-0f5b-4ce6-a217-3a395f3cc534','22','Norberto Pinto',15,0,0,1,NULL,'2023-07-28 12:35:53'),('08dca24b-7efa-433d-813b-83faffee120d','859fb385-f865-4deb-907f-6da4bce1ea18',0,'62d208ba-dd5f-46c6-a02f-a179fbe47b55','29','Rodrigo',15,0,0,1,NULL,'2023-07-28 13:00:25'),('08dca24b-7efa-433f-8e74-6a22d9ae7287','859fb385-f865-4deb-907f-6da4bce1ea18',0,'e1c09570-9be1-4335-841a-e5ec4352946e','24','Bruno',15,0,0,1,NULL,'2023-07-28 13:00:31'),('08dca24b-7efa-4342-8bb1-eeddf7d74ad0','859fb385-f865-4deb-907f-6da4bce1ea18',0,'62d208ba-dd5f-46c6-a02f-a179fbe47b55','29','Rodrigo',15,0,0,1,NULL,'2023-07-28 16:17:05'),('08dca24b-7efa-4346-835d-b29d0e61e30e','859fb385-f865-4deb-907f-6da4bce1ea18',0,'e1c09570-9be1-4335-841a-e5ec4352946e','24','Bruno',15,0,0,1,NULL,'2023-07-28 17:00:21'),('08dca24b-7efa-4349-8c13-7bcdc9226719','859fb385-f865-4deb-907f-6da4bce1ea18',0,'6d3fdf36-0f5b-4ce6-a217-3a395f3cc534','22','Norberto Pinto',15,0,0,1,NULL,'2023-07-31 08:01:35'),('08dca24b-7efa-434c-8ddd-c6b3f5d0466d','859fb385-f865-4deb-907f-6da4bce1ea18',0,'6d3fdf36-0f5b-4ce6-a217-3a395f3cc534','22','Norberto Pinto',15,0,0,1,NULL,'2023-07-31 10:07:50'),('08dca24b-7efa-434f-8e69-0ff1db049394','859fb385-f865-4deb-907f-6da4bce1ea18',0,'6d3fdf36-0f5b-4ce6-a217-3a395f3cc534','22','Norberto Pinto',15,0,0,1,NULL,'2023-07-31 16:00:26'),('08dca24b-7efa-4353-87c3-21225c1a5d29','859fb385-f865-4deb-907f-6da4bce1ea18',0,'6d3fdf36-0f5b-4ce6-a217-3a395f3cc534','22','Norberto Pinto',15,0,0,1,NULL,'2023-07-31 16:04:28'),('08dca24b-7efa-4356-8637-ef4ff47c990d','859fb385-f865-4deb-907f-6da4bce1ea18',0,'6d3fdf36-0f5b-4ce6-a217-3a395f3cc534','22','Norberto Pinto',15,0,0,1,NULL,'2023-07-31 16:06:55'),('08dca24b-7efa-4359-8420-9f89e52e210a','859fb385-f865-4deb-907f-6da4bce1ea18',0,'6d3fdf36-0f5b-4ce6-a217-3a395f3cc534','22','Norberto Pinto',15,0,0,1,NULL,'2023-07-31 18:53:00'),('08dca24b-7efa-435c-8516-cae4342f63f7','859fb385-f865-4deb-907f-6da4bce1ea18',0,'62d208ba-dd5f-46c6-a02f-a179fbe47b55','29','Rodrigo',15,0,0,1,NULL,'2023-08-01 13:07:00'),('08dca24b-7efa-435f-8497-142e5b38ab6d','859fb385-f865-4deb-907f-6da4bce1ea18',0,'62d208ba-dd5f-46c6-a02f-a179fbe47b55','29','Rodrigo',15,0,0,1,NULL,'2023-08-01 15:05:03'),('08dca24b-7efa-4362-852d-20f27c0a6f1c','859fb385-f865-4deb-907f-6da4bce1ea18',0,'6d3fdf36-0f5b-4ce6-a217-3a395f3cc534','22','Norberto Pinto',15,0,0,1,NULL,'2023-08-02 08:26:53'),('08dca24b-7efa-4365-8635-ccab686c5998','859fb385-f865-4deb-907f-6da4bce1ea18',0,'6d3fdf36-0f5b-4ce6-a217-3a395f3cc534','22','Norberto Pinto',15,0,0,1,NULL,'2023-08-02 09:54:39'),('08dca24b-7efa-4368-87a3-411c09b299ff','859fb385-f865-4deb-907f-6da4bce1ea18',0,'6d3fdf36-0f5b-4ce6-a217-3a395f3cc534','22','Norberto Pinto',15,0,0,1,NULL,'2023-08-02 12:58:17'),('08dca24b-7efa-436b-8577-2937a69c8502','859fb385-f865-4deb-907f-6da4bce1ea18',0,'7207f14a-06e6-47ec-96fc-b3983c5a10c6','33','Gabriel Duarte',15,0,0,1,NULL,'2023-08-02 17:09:11'),('08dca24b-7efa-436f-8375-2edfe1b666d4','859fb385-f865-4deb-907f-6da4bce1ea18',0,'6d3fdf36-0f5b-4ce6-a217-3a395f3cc534','22','Norberto Pinto',15,0,0,1,NULL,'2023-08-02 17:09:30'),('08dca24b-7efa-4372-8332-c9e2e27c6022','859fb385-f865-4deb-907f-6da4bce1ea18',0,'6d3fdf36-0f5b-4ce6-a217-3a395f3cc534','22','Norberto Pinto',15,0,0,1,NULL,'2023-08-02 17:20:57'),('08dca24b-7efa-4375-81e9-79ee02ea8a0c','859fb385-f865-4deb-907f-6da4bce1ea18',0,'6d3fdf36-0f5b-4ce6-a217-3a395f3cc534','22','Norberto Pinto',15,0,0,1,NULL,'2023-08-02 21:22:04'),('08dca24b-7efa-4378-808a-82afbae1eb4d','859fb385-f865-4deb-907f-6da4bce1ea18',0,'6d3fdf36-0f5b-4ce6-a217-3a395f3cc534','22','Norberto Pinto',15,0,0,1,NULL,'2023-08-03 13:25:34'),('08dca24b-7efa-437b-800f-1d0abf5746dd','859fb385-f865-4deb-907f-6da4bce1ea18',0,'6d3fdf36-0f5b-4ce6-a217-3a395f3cc534','22','Norberto Pinto',15,0,0,1,NULL,'2023-08-03 15:39:44'),('08dca24b-7efa-437d-8e0a-d24c265842af','859fb385-f865-4deb-907f-6da4bce1ea18',0,'6d3fdf36-0f5b-4ce6-a217-3a395f3cc534','22','Norberto Pinto',15,0,0,1,NULL,'2023-08-03 16:55:25'),('08dca24b-7efa-4380-8cf3-139bebcfe033','859fb385-f865-4deb-907f-6da4bce1ea18',0,'62d208ba-dd5f-46c6-a02f-a179fbe47b55','29','Rodrigo',15,0,0,1,NULL,'2023-08-04 08:16:33'),('08dca24b-7efa-4383-8ce3-8cabe988783f','859fb385-f865-4deb-907f-6da4bce1ea18',0,'6d3fdf36-0f5b-4ce6-a217-3a395f3cc534','22','Norberto Pinto',15,0,0,1,NULL,'2023-08-04 08:24:46'),('08dca24b-7efa-4387-8587-2103a58b54b5','859fb385-f865-4deb-907f-6da4bce1ea18',0,'6d3fdf36-0f5b-4ce6-a217-3a395f3cc534','22','Norberto Pinto',15,0,0,1,NULL,'2023-08-04 08:55:38'),('08dca24b-7efa-438a-8428-b3affc124ca5','859fb385-f865-4deb-907f-6da4bce1ea18',0,'62d208ba-dd5f-46c6-a02f-a179fbe47b55','29','Rodrigo',15,0,0,1,NULL,'2023-08-04 12:01:48'),('08dca24b-7efa-438d-878d-e0cfaf70be80','859fb385-f865-4deb-907f-6da4bce1ea18',0,'6d3fdf36-0f5b-4ce6-a217-3a395f3cc534','22','Norberto Pinto',15,0,0,1,NULL,'2023-08-04 13:08:34'),('08dca24b-7efa-4390-85ec-7faddcd51c5d','859fb385-f865-4deb-907f-6da4bce1ea18',0,'6d3fdf36-0f5b-4ce6-a217-3a395f3cc534','22','Norberto Pinto',15,0,0,1,NULL,'2023-08-07 15:55:01'),('08dca24b-7efa-4393-8351-df9858f3ee98','859fb385-f865-4deb-907f-6da4bce1ea18',0,'6d3fdf36-0f5b-4ce6-a217-3a395f3cc534','22','Norberto Pinto',15,0,0,1,NULL,'2023-08-08 08:12:59'),('08dca24b-7efa-4396-810e-9b60c936d91e','859fb385-f865-4deb-907f-6da4bce1ea18',0,'6d3fdf36-0f5b-4ce6-a217-3a395f3cc534','22','Norberto Pinto',15,0,0,1,NULL,'2023-08-09 09:22:06'),('08dca24b-7efa-4398-8e95-a5a7979e1ad4','859fb385-f865-4deb-907f-6da4bce1ea18',0,'6d3fdf36-0f5b-4ce6-a217-3a395f3cc534','22','Norberto Pinto',15,0,0,1,NULL,'2023-08-09 09:55:18'),('08dca24b-7efa-439b-8f26-9af81c8b7838','859fb385-f865-4deb-907f-6da4bce1ea18',0,'6d3fdf36-0f5b-4ce6-a217-3a395f3cc534','22','Norberto Pinto',15,0,0,1,NULL,'2023-08-09 10:02:37'),('08dca24b-7efa-439f-8928-07f2052f2faf','859fb385-f865-4deb-907f-6da4bce1ea18',0,'6d3fdf36-0f5b-4ce6-a217-3a395f3cc534','22','Norberto Pinto',15,0,0,1,NULL,'2023-08-09 12:12:54'),('08dca24b-7efa-43a2-8d0d-ec1cdd2fa8aa','859fb385-f865-4deb-907f-6da4bce1ea18',0,'7207f14a-06e6-47ec-96fc-b3983c5a10c6','33','Gabriel Duarte',15,0,0,1,NULL,'2023-09-01 10:10:37'),('08dca24b-7efa-43a5-8c62-beb39b6cf942','859fb385-f865-4deb-907f-6da4bce1ea18',0,'62d208ba-dd5f-46c6-a02f-a179fbe47b55','29','Rodrigo',15,0,0,1,NULL,'2023-09-04 08:07:21'),('08dca24b-7efa-43a8-88f8-983ac8b89e03','859fb385-f865-4deb-907f-6da4bce1ea18',0,'6d3fdf36-0f5b-4ce6-a217-3a395f3cc534','22','Norberto Pinto',15,0,0,1,NULL,'2023-09-04 10:33:03'),('08dca24b-7efa-43ab-88b7-2ab79d5a4c70','859fb385-f865-4deb-907f-6da4bce1ea18',0,'62d208ba-dd5f-46c6-a02f-a179fbe47b55','29','Rodrigo',15,0,0,1,NULL,'2023-09-04 12:00:17'),('08dca24b-7efa-43ae-8550-a8cfb2dcbde7','859fb385-f865-4deb-907f-6da4bce1ea18',0,'6d3fdf36-0f5b-4ce6-a217-3a395f3cc534','22','Norberto Pinto',15,0,0,1,NULL,'2023-09-04 13:20:53'),('08dca24b-7efa-43b1-8485-9df69001028e','859fb385-f865-4deb-907f-6da4bce1ea18',0,'62d208ba-dd5f-46c6-a02f-a179fbe47b55','29','Rodrigo',15,0,0,1,NULL,'2023-09-04 16:52:09'),('08dca24b-7efa-43b4-819f-8899fd0b7a49','859fb385-f865-4deb-907f-6da4bce1ea18',0,'6d3fdf36-0f5b-4ce6-a217-3a395f3cc534','22','Norberto Pinto',15,0,0,1,NULL,'2023-09-05 07:15:57'),('08dca24b-7efa-43b7-8206-294a2f0f6d20','859fb385-f865-4deb-907f-6da4bce1ea18',0,'62d208ba-dd5f-46c6-a02f-a179fbe47b55','29','Rodrigo',15,0,0,1,NULL,'2023-09-05 13:38:43'),('08dca24b-7efa-43ba-8c93-1772fe11cdd7','859fb385-f865-4deb-907f-6da4bce1ea18',0,'7207f14a-06e6-47ec-96fc-b3983c5a10c6','33','Gabriel Duarte',15,0,0,1,NULL,'2023-09-05 14:48:43'),('08dca24b-7efa-43bd-8c26-d8802ad41c9d','859fb385-f865-4deb-907f-6da4bce1ea18',0,'62d208ba-dd5f-46c6-a02f-a179fbe47b55','29','Rodrigo',15,0,0,1,NULL,'2023-09-05 16:18:31'),('08dca24b-7efa-43c0-8b70-42c2a4041fe7','859fb385-f865-4deb-907f-6da4bce1ea18',0,'6d3fdf36-0f5b-4ce6-a217-3a395f3cc534','22','Norberto Pinto',15,0,0,1,NULL,'2023-09-06 07:33:35'),('08dca24b-7efa-43c3-8ac3-4c382f62d4b4','859fb385-f865-4deb-907f-6da4bce1ea18',0,'62d208ba-dd5f-46c6-a02f-a179fbe47b55','29','Rodrigo',15,0,0,1,NULL,'2023-09-07 08:03:56'),('08dca24b-7efa-43c6-8968-f040b6795ffe','859fb385-f865-4deb-907f-6da4bce1ea18',0,'6d3fdf36-0f5b-4ce6-a217-3a395f3cc534','22','Norberto Pinto',15,0,0,1,NULL,'2023-09-07 08:19:25'),('08dca24b-7efa-43c9-8cbe-e572a56dba70','859fb385-f865-4deb-907f-6da4bce1ea18',0,'7207f14a-06e6-47ec-96fc-b3983c5a10c6','33','Gabriel Duarte',15,0,0,1,NULL,'2023-09-08 15:41:31'),('08dca24b-7efa-43cc-8cc7-499cdde634e4','859fb385-f865-4deb-907f-6da4bce1ea18',0,'6d3fdf36-0f5b-4ce6-a217-3a395f3cc534','22','Norberto Pinto',15,0,0,1,NULL,'2023-09-14 06:14:23'),('08dca24b-7efa-43cf-8c01-c108e7b6f401','859fb385-f865-4deb-907f-6da4bce1ea18',0,'6d3fdf36-0f5b-4ce6-a217-3a395f3cc534','22','Norberto Pinto',15,0,0,1,NULL,'2023-09-15 07:14:10'),('08dca24b-7efa-43d3-86da-26fc2c76e59a','859fb385-f865-4deb-907f-6da4bce1ea18',0,'6d3fdf36-0f5b-4ce6-a217-3a395f3cc534','22','Norberto Pinto',15,0,0,1,NULL,'2023-09-18 07:18:35'),('08dca24b-7efa-43d6-8d91-a9bb622bc9b9','859fb385-f865-4deb-907f-6da4bce1ea18',0,'6d3fdf36-0f5b-4ce6-a217-3a395f3cc534','22','Norberto Pinto',15,0,0,1,NULL,'2023-09-19 08:09:48'),('08dca24b-7efa-43d9-8e45-1c17d640c4a9','859fb385-f865-4deb-907f-6da4bce1ea18',0,'7207f14a-06e6-47ec-96fc-b3983c5a10c6','33','Gabriel Duarte',15,0,0,1,NULL,'2023-09-20 10:30:03'),('08dca24b-7efa-43dc-8d2b-244fb79ac99a','859fb385-f865-4deb-907f-6da4bce1ea18',0,'7207f14a-06e6-47ec-96fc-b3983c5a10c6','33','Gabriel Duarte',15,0,0,1,NULL,'2023-09-20 11:16:09'),('08dca24b-7efa-43df-8e5c-9225eadf51b9','859fb385-f865-4deb-907f-6da4bce1ea18',0,'6d3fdf36-0f5b-4ce6-a217-3a395f3cc534','22','Norberto Pinto',15,0,0,1,NULL,'2023-09-21 17:21:55'),('08dca24b-7efa-43e2-8ca0-9fe477daba10','859fb385-f865-4deb-907f-6da4bce1ea18',0,'6d3fdf36-0f5b-4ce6-a217-3a395f3cc534','22','Norberto Pinto',15,0,0,1,NULL,'2023-09-22 08:15:19'),('08dca24b-7efa-43e5-8a61-0c90820fe06a','859fb385-f865-4deb-907f-6da4bce1ea18',0,'6d3fdf36-0f5b-4ce6-a217-3a395f3cc534','22','Norberto Pinto',15,0,0,1,NULL,'2023-09-22 09:16:13'),('08dca24b-7efa-43e8-8a98-2b7514815a5c','859fb385-f865-4deb-907f-6da4bce1ea18',0,'6d3fdf36-0f5b-4ce6-a217-3a395f3cc534','22','Norberto Pinto',15,0,0,1,NULL,'2023-09-27 08:01:05'),('08dca24b-7efa-43eb-879d-7d4a41488794','859fb385-f865-4deb-907f-6da4bce1ea18',0,'6d3fdf36-0f5b-4ce6-a217-3a395f3cc534','22','Norberto Pinto',15,0,0,1,NULL,'2023-09-28 07:53:40'),('08dca24b-7efa-43ee-8cef-92e891e3ca04','859fb385-f865-4deb-907f-6da4bce1ea18',0,'6d3fdf36-0f5b-4ce6-a217-3a395f3cc534','22','Norberto Pinto',15,0,0,1,NULL,'2023-09-29 07:47:34'),('08dca24b-7efa-43f1-8b5e-84a1adf35ace','859fb385-f865-4deb-907f-6da4bce1ea18',0,'6d3fdf36-0f5b-4ce6-a217-3a395f3cc534','22','Norberto Pinto',15,0,0,1,NULL,'2023-09-29 07:56:26'),('08dca24b-7efa-43f4-8713-c0674959fe6a','859fb385-f865-4deb-907f-6da4bce1ea18',0,'6d3fdf36-0f5b-4ce6-a217-3a395f3cc534','22','Norberto Pinto',15,0,0,1,NULL,'2023-10-02 07:29:49'),('08dca24b-7efa-43f7-8456-fbc304944936','859fb385-f865-4deb-907f-6da4bce1ea18',0,'6d3fdf36-0f5b-4ce6-a217-3a395f3cc534','22','Norberto Pinto',15,0,0,1,NULL,'2023-10-02 07:50:45'),('08dca24b-7efa-43fa-8446-5c43c5fea18b','859fb385-f865-4deb-907f-6da4bce1ea18',0,'62d208ba-dd5f-46c6-a02f-a179fbe47b55','29','Rodrigo',15,0,0,1,NULL,'2023-10-02 09:02:54'),('08dca24b-7efa-43fd-83ff-3f27e105aec4','859fb385-f865-4deb-907f-6da4bce1ea18',0,'6d3fdf36-0f5b-4ce6-a217-3a395f3cc534','22','Norberto Pinto',15,0,0,1,NULL,'2023-10-03 07:22:37'),('08dca24b-7efa-4400-8335-952b0b1b3ab7','859fb385-f865-4deb-907f-6da4bce1ea18',0,'6d3fdf36-0f5b-4ce6-a217-3a395f3cc534','22','Norberto Pinto',15,0,0,1,NULL,'2023-10-03 17:32:28'),('08dca24b-7efa-4403-823c-59777a5ddd78','859fb385-f865-4deb-907f-6da4bce1ea18',0,'6d3fdf36-0f5b-4ce6-a217-3a395f3cc534','22','Norberto Pinto',15,0,0,1,NULL,'2023-10-20 10:35:59'),('08dca24b-7efa-4407-858e-8876293af8f5','859fb385-f865-4deb-907f-6da4bce1ea18',0,'6d3fdf36-0f5b-4ce6-a217-3a395f3cc534','22','Norberto Pinto',15,0,0,1,NULL,'2023-10-20 13:30:39'),('08dca24b-7efa-440a-8d93-199b692fb10c','859fb385-f865-4deb-907f-6da4bce1ea18',0,'6d3fdf36-0f5b-4ce6-a217-3a395f3cc534','22','Norberto Pinto',15,0,0,1,NULL,'2023-10-24 07:55:13'),('08dca24b-7efa-440e-853d-1331b45cbbf2','859fb385-f865-4deb-907f-6da4bce1ea18',0,'7207f14a-06e6-47ec-96fc-b3983c5a10c6','33','Gabriel Duarte',15,0,0,1,NULL,'2023-10-24 15:05:26'),('08dca24b-7efa-4411-8551-e473c996b5b8','859fb385-f865-4deb-907f-6da4bce1ea18',0,'7207f14a-06e6-47ec-96fc-b3983c5a10c6','33','Gabriel Duarte',15,0,0,1,NULL,'2023-10-24 15:31:04'),('08dca24b-7efa-4414-85ad-ef610dcb5815','859fb385-f865-4deb-907f-6da4bce1ea18',0,'7207f14a-06e6-47ec-96fc-b3983c5a10c6','33','Gabriel Duarte',15,0,0,1,NULL,'2023-10-24 16:06:44'),('08dca24b-7efa-4417-859f-1a376abdf940','859fb385-f865-4deb-907f-6da4bce1ea18',0,'6d3fdf36-0f5b-4ce6-a217-3a395f3cc534','22','Norberto Pinto',15,0,0,1,NULL,'2023-10-25 13:02:50'),('08dca24b-7efa-441a-83e5-208e5fa8d178','859fb385-f865-4deb-907f-6da4bce1ea18',0,'654f4a3f-7a10-4864-81bc-31c2130f42f0','23','Lia',15,0,0,1,NULL,'2023-10-25 16:30:36'),('08dca24b-7efa-441d-8711-303e442adeb7','859fb385-f865-4deb-907f-6da4bce1ea18',0,'6d3fdf36-0f5b-4ce6-a217-3a395f3cc534','22','Norberto Pinto',15,0,0,1,NULL,'2023-10-30 08:19:07'),('08dca24b-7efa-4420-8b36-45feb9a289eb','859fb385-f865-4deb-907f-6da4bce1ea18',0,'6d3fdf36-0f5b-4ce6-a217-3a395f3cc534','22','Norberto Pinto',15,0,0,1,NULL,'2023-10-30 08:27:42'),('08dca24b-7efa-4423-8a23-24a5d4b7fb03','859fb385-f865-4deb-907f-6da4bce1ea18',0,'6d3fdf36-0f5b-4ce6-a217-3a395f3cc534','22','Norberto Pinto',15,0,0,1,NULL,'2023-10-30 10:53:07'),('08dca24b-7efa-4426-88fc-b39fb92049de','859fb385-f865-4deb-907f-6da4bce1ea18',0,'6d3fdf36-0f5b-4ce6-a217-3a395f3cc534','22','Norberto Pinto',15,0,0,1,NULL,'2023-10-30 16:06:02'),('08dca24b-7efa-4429-881d-d71984b2a104','859fb385-f865-4deb-907f-6da4bce1ea18',0,'6d3fdf36-0f5b-4ce6-a217-3a395f3cc534','22','Norberto Pinto',15,0,0,1,NULL,'2023-11-02 08:21:55'),('08dca24b-7efa-442c-8732-ca0c1fdaf9e9','859fb385-f865-4deb-907f-6da4bce1ea18',0,'6d3fdf36-0f5b-4ce6-a217-3a395f3cc534','22','Norberto Pinto',15,0,0,1,NULL,'2023-11-03 08:30:11'),('08dca24b-7efa-442f-852f-e53f785d53ac','859fb385-f865-4deb-907f-6da4bce1ea18',0,'6d3fdf36-0f5b-4ce6-a217-3a395f3cc534','22','Norberto Pinto',15,0,0,1,NULL,'2023-11-03 14:03:57'),('08dca24b-7efa-4432-8400-1e56ec3d34a8','859fb385-f865-4deb-907f-6da4bce1ea18',0,'7207f14a-06e6-47ec-96fc-b3983c5a10c6','33','Gabriel Duarte',15,0,0,1,NULL,'2023-11-03 17:31:15'),('08dca24b-7efa-4435-844c-b07f861496b8','859fb385-f865-4deb-907f-6da4bce1ea18',0,'6d3fdf36-0f5b-4ce6-a217-3a395f3cc534','22','Norberto Pinto',15,0,0,1,NULL,'2023-11-06 09:40:07'),('08dca24b-7efa-4438-8388-f40f80e02eb1','859fb385-f865-4deb-907f-6da4bce1ea18',0,'6d3fdf36-0f5b-4ce6-a217-3a395f3cc534','22','Norberto Pinto',15,0,0,1,NULL,'2023-11-06 10:07:22'),('08dca24b-7efa-443b-8962-2f7d27cde239','859fb385-f865-4deb-907f-6da4bce1ea18',0,'6d3fdf36-0f5b-4ce6-a217-3a395f3cc534','22','Norberto Pinto',15,0,0,1,NULL,'2023-11-06 10:36:20'),('08dca24b-7efa-443e-8ac0-425334561db4','859fb385-f865-4deb-907f-6da4bce1ea18',0,'6d3fdf36-0f5b-4ce6-a217-3a395f3cc534','22','Norberto Pinto',15,0,0,1,NULL,'2023-11-06 13:13:29'),('08dca24b-7efa-4441-88a5-abd0517e311f','859fb385-f865-4deb-907f-6da4bce1ea18',0,'6d3fdf36-0f5b-4ce6-a217-3a395f3cc534','22','Norberto Pinto',15,0,0,1,NULL,'2023-11-07 08:18:46'),('08dca24b-7efa-4444-8c33-116bbbc7f3a0','859fb385-f865-4deb-907f-6da4bce1ea18',0,'7207f14a-06e6-47ec-96fc-b3983c5a10c6','33','Gabriel Duarte',15,0,0,1,NULL,'2023-11-07 16:45:53'),('08dca24b-7efa-4447-8e90-085b8be3b707','859fb385-f865-4deb-907f-6da4bce1ea18',0,'6d3fdf36-0f5b-4ce6-a217-3a395f3cc534','22','Norberto Pinto',15,0,0,1,NULL,'2023-11-08 09:09:54'),('08dca24b-7efa-444a-8d22-4dbe1dcd9124','859fb385-f865-4deb-907f-6da4bce1ea18',0,'6d3fdf36-0f5b-4ce6-a217-3a395f3cc534','22','Norberto Pinto',15,0,0,1,NULL,'2023-11-08 09:48:35'),('08dca24b-7efa-444d-8e73-17f89df6115c','859fb385-f865-4deb-907f-6da4bce1ea18',0,'6d3fdf36-0f5b-4ce6-a217-3a395f3cc534','22','Norberto Pinto',15,0,0,1,NULL,'2023-11-08 10:10:56'),('08dca24b-7efa-4450-8d58-37cdb4c71480','859fb385-f865-4deb-907f-6da4bce1ea18',0,'6d3fdf36-0f5b-4ce6-a217-3a395f3cc534','22','Norberto Pinto',15,0,0,1,NULL,'2023-11-08 10:17:35'),('08dca24b-7efa-4454-8131-99f727119b13','859fb385-f865-4deb-907f-6da4bce1ea18',0,'6d3fdf36-0f5b-4ce6-a217-3a395f3cc534','22','Norberto Pinto',15,0,0,1,NULL,'2023-11-08 10:21:43'),('08dca24b-7efa-4457-8023-63691757c94a','859fb385-f865-4deb-907f-6da4bce1ea18',0,'6d3fdf36-0f5b-4ce6-a217-3a395f3cc534','22','Norberto Pinto',15,0,0,1,NULL,'2023-11-08 14:56:42'),('08dca24b-7efa-445a-8082-f9335f390f02','859fb385-f865-4deb-907f-6da4bce1ea18',0,'7207f14a-06e6-47ec-96fc-b3983c5a10c6','33','Gabriel Duarte',15,0,0,1,NULL,'2023-11-08 16:44:15'),('08dca24b-7efa-445c-8eec-8e6b32ff1cc2','859fb385-f865-4deb-907f-6da4bce1ea18',0,'6d3fdf36-0f5b-4ce6-a217-3a395f3cc534','22','Norberto Pinto',15,0,0,1,NULL,'2023-11-09 08:22:00'),('08dca24b-7efa-445f-8aba-740246e0d855','859fb385-f865-4deb-907f-6da4bce1ea18',0,'6d3fdf36-0f5b-4ce6-a217-3a395f3cc534','22','Norberto Pinto',15,0,0,1,NULL,'2023-11-09 15:24:22'),('08dca24b-7efa-4462-8a18-41f7e396b57c','859fb385-f865-4deb-907f-6da4bce1ea18',0,'6d3fdf36-0f5b-4ce6-a217-3a395f3cc534','22','Norberto Pinto',15,0,0,1,NULL,'2023-11-10 08:51:58'),('08dca24b-7efa-4465-8a9f-f84b33589015','859fb385-f865-4deb-907f-6da4bce1ea18',0,'6d3fdf36-0f5b-4ce6-a217-3a395f3cc534','22','Norberto Pinto',15,0,0,1,NULL,'2023-11-11 11:12:25'),('08dca24b-7efa-4468-88be-d73585c4d7b1','859fb385-f865-4deb-907f-6da4bce1ea18',0,'6d3fdf36-0f5b-4ce6-a217-3a395f3cc534','22','Norberto Pinto',15,0,0,1,NULL,'2023-11-11 14:22:57'),('08dca24b-7efa-446b-860c-8a883d94ae1d','859fb385-f865-4deb-907f-6da4bce1ea18',0,'6d3fdf36-0f5b-4ce6-a217-3a395f3cc534','22','Norberto Pinto',15,0,0,1,NULL,'2023-11-13 07:41:11'),('08dca24b-7efa-446e-8b77-83d0b9ff6834','859fb385-f865-4deb-907f-6da4bce1ea18',0,'7207f14a-06e6-47ec-96fc-b3983c5a10c6','33','Gabriel Duarte',15,0,0,1,NULL,'2023-11-13 11:57:41'),('08dca24b-7efa-4471-8af0-3dc0ede1d811','859fb385-f865-4deb-907f-6da4bce1ea18',0,'6d3fdf36-0f5b-4ce6-a217-3a395f3cc534','22','Norberto Pinto',15,0,0,1,NULL,'2023-11-16 14:14:53'),('08dca24b-7efa-4474-8951-4f819363ca95','859fb385-f865-4deb-907f-6da4bce1ea18',0,'6d3fdf36-0f5b-4ce6-a217-3a395f3cc534','22','Norberto Pinto',15,0,0,1,NULL,'2023-11-16 14:33:02'),('08dca24b-7efa-4477-87c3-aaab260970fd','859fb385-f865-4deb-907f-6da4bce1ea18',0,'6d3fdf36-0f5b-4ce6-a217-3a395f3cc534','22','Norberto Pinto',15,0,0,1,NULL,'2023-11-17 09:01:42'),('08dca24b-7efa-447a-8945-d2b508a75b30','859fb385-f865-4deb-907f-6da4bce1ea18',0,'6d3fdf36-0f5b-4ce6-a217-3a395f3cc534','22','Norberto Pinto',15,0,0,1,NULL,'2023-11-17 09:19:42'),('08dca24b-7efa-447d-87bf-b8431d526343','859fb385-f865-4deb-907f-6da4bce1ea18',0,'6d3fdf36-0f5b-4ce6-a217-3a395f3cc534','22','Norberto Pinto',15,0,0,1,NULL,'2023-11-17 09:20:54'),('08dca24b-7efa-4480-85e9-8dce59486c1a','859fb385-f865-4deb-907f-6da4bce1ea18',0,'6d3fdf36-0f5b-4ce6-a217-3a395f3cc534','22','Norberto Pinto',15,0,0,1,NULL,'2023-11-20 07:57:12'),('08dca24b-7efa-4483-8739-fc1604c73acf','859fb385-f865-4deb-907f-6da4bce1ea18',0,'6d3fdf36-0f5b-4ce6-a217-3a395f3cc534','22','Norberto Pinto',15,0,0,1,NULL,'2023-11-21 07:42:25'),('08dca24b-7efa-4486-8d7c-ef8a649271fa','859fb385-f865-4deb-907f-6da4bce1ea18',0,'6d3fdf36-0f5b-4ce6-a217-3a395f3cc534','22','Norberto Pinto',15,0,0,1,NULL,'2023-11-22 08:34:14'),('08dca24b-7efa-4489-8c67-2803ec769d28','859fb385-f865-4deb-907f-6da4bce1ea18',0,'6d3fdf36-0f5b-4ce6-a217-3a395f3cc534','22','Norberto Pinto',15,0,0,1,NULL,'2023-11-22 14:42:30'),('08dca24b-7efa-448c-8c68-541200b876ad','859fb385-f865-4deb-907f-6da4bce1ea18',0,'6d3fdf36-0f5b-4ce6-a217-3a395f3cc534','22','Norberto Pinto',15,0,0,1,NULL,'2023-11-22 14:45:54'),('08dca24b-7efa-448f-8a98-a469812650e2','859fb385-f865-4deb-907f-6da4bce1ea18',0,'7207f14a-06e6-47ec-96fc-b3983c5a10c6','33','Gabriel Duarte',15,0,0,1,NULL,'2023-11-22 17:12:33'),('08dca24b-7efa-4492-8814-5c22ac2cf311','859fb385-f865-4deb-907f-6da4bce1ea18',0,'7207f14a-06e6-47ec-96fc-b3983c5a10c6','33','Gabriel Duarte',15,0,0,1,NULL,'2023-11-22 17:22:37'),('08dca24b-7efa-4495-883d-3d3cec2dd444','859fb385-f865-4deb-907f-6da4bce1ea18',0,'7207f14a-06e6-47ec-96fc-b3983c5a10c6','33','Gabriel Duarte',15,0,0,1,NULL,'2023-11-23 10:48:10'),('08dca24b-7efa-4498-8859-97d6d7be4f04','859fb385-f865-4deb-907f-6da4bce1ea18',0,'7207f14a-06e6-47ec-96fc-b3983c5a10c6','33','Gabriel Duarte',15,0,0,1,NULL,'2023-11-23 11:42:53'),('08dca24b-7efa-449b-88bd-7b54f302c750','859fb385-f865-4deb-907f-6da4bce1ea18',0,'6d3fdf36-0f5b-4ce6-a217-3a395f3cc534','22','Norberto Pinto',15,0,0,1,NULL,'2023-11-23 14:39:50'),('08dca24b-7efa-449e-8f9a-944f6f1a4ae2','859fb385-f865-4deb-907f-6da4bce1ea18',0,'6d3fdf36-0f5b-4ce6-a217-3a395f3cc534','22','Norberto Pinto',15,0,0,1,NULL,'2023-11-23 16:51:50'),('08dca24b-7efa-44a2-8167-c9dad5f78b51','859fb385-f865-4deb-907f-6da4bce1ea18',0,'6d3fdf36-0f5b-4ce6-a217-3a395f3cc534','22','Norberto Pinto',15,0,0,1,NULL,'2023-11-24 08:55:00'),('08dca24b-7efa-44a5-80d3-6e0ca8abb083','859fb385-f865-4deb-907f-6da4bce1ea18',0,'6d3fdf36-0f5b-4ce6-a217-3a395f3cc534','22','Norberto Pinto',15,0,0,1,NULL,'2023-11-27 08:39:43'),('08dca24b-7efa-44a7-8f8c-dcdc0a5a111e','859fb385-f865-4deb-907f-6da4bce1ea18',0,'6d3fdf36-0f5b-4ce6-a217-3a395f3cc534','22','Norberto Pinto',15,0,0,1,NULL,'2023-11-29 15:50:24'),('08dca24b-7efa-44aa-8fa1-9d6a7be74119','859fb385-f865-4deb-907f-6da4bce1ea18',0,'6d3fdf36-0f5b-4ce6-a217-3a395f3cc534','22','Norberto Pinto',15,0,0,1,NULL,'2023-11-29 16:02:40'),('08dca24b-7efa-44ae-8123-4332dcc8625d','859fb385-f865-4deb-907f-6da4bce1ea18',0,'6d3fdf36-0f5b-4ce6-a217-3a395f3cc534','22','Norberto Pinto',15,0,0,1,NULL,'2023-11-29 18:29:49'),('08dca24b-7efa-44b1-8351-0e1138f14769','859fb385-f865-4deb-907f-6da4bce1ea18',0,'6d3fdf36-0f5b-4ce6-a217-3a395f3cc534','22','Norberto Pinto',15,0,0,1,NULL,'2023-12-04 08:16:58'),('08dca24b-7efa-44b4-812c-4870f33563f5','859fb385-f865-4deb-907f-6da4bce1ea18',0,'7207f14a-06e6-47ec-96fc-b3983c5a10c6','33','Gabriel Duarte',15,0,0,1,NULL,'2023-12-04 17:58:35'),('08dca24b-7efa-44b6-8ffa-291d1b2b7691','859fb385-f865-4deb-907f-6da4bce1ea18',0,'7207f14a-06e6-47ec-96fc-b3983c5a10c6','33','Gabriel Duarte',15,0,0,1,NULL,'2023-12-04 18:00:21'),('08dca24b-7efa-44ba-83c3-4974fd925b4c','859fb385-f865-4deb-907f-6da4bce1ea18',0,'6d3fdf36-0f5b-4ce6-a217-3a395f3cc534','22','Norberto Pinto',15,0,0,1,NULL,'2023-12-05 14:14:02'),('08dca24b-7efa-44bd-8142-91623c807a3f','859fb385-f865-4deb-907f-6da4bce1ea18',0,'6d3fdf36-0f5b-4ce6-a217-3a395f3cc534','22','Norberto Pinto',15,0,0,1,NULL,'2023-12-06 08:37:42'),('08dca24b-7efa-44bf-8e75-cbbe14a2c0c5','859fb385-f865-4deb-907f-6da4bce1ea18',0,'7207f14a-06e6-47ec-96fc-b3983c5a10c6','33','Gabriel Duarte',15,0,0,1,NULL,'2023-12-06 16:22:23'),('08dca24b-7efa-44c2-8f7f-ef4155c34c1c','859fb385-f865-4deb-907f-6da4bce1ea18',0,'7207f14a-06e6-47ec-96fc-b3983c5a10c6','33','Gabriel Duarte',15,0,0,1,NULL,'2023-12-07 14:39:50'),('08dca24b-7efa-44c5-8cc8-7b9802bcd471','859fb385-f865-4deb-907f-6da4bce1ea18',0,'7207f14a-06e6-47ec-96fc-b3983c5a10c6','33','Gabriel Duarte',15,0,0,1,NULL,'2023-12-07 17:26:01'),('08dca24b-7efa-44c8-8c85-cb1c457805b1','859fb385-f865-4deb-907f-6da4bce1ea18',0,'7207f14a-06e6-47ec-96fc-b3983c5a10c6','33','Gabriel Duarte',15,0,0,1,NULL,'2023-12-18 11:23:37'),('08dca24b-7efa-44cb-8953-657f4f39e4e4','859fb385-f865-4deb-907f-6da4bce1ea18',0,'7207f14a-06e6-47ec-96fc-b3983c5a10c6','33','Gabriel Duarte',15,0,0,1,NULL,'2023-12-18 11:25:13'),('08dca24b-7efa-44ce-88f6-57c8d00fbefd','859fb385-f865-4deb-907f-6da4bce1ea18',0,'7207f14a-06e6-47ec-96fc-b3983c5a10c6','33','Gabriel Duarte',15,0,0,1,NULL,'2023-12-18 11:28:12'),('08dca24b-7efa-44d2-8068-62fbb0e14a3e','859fb385-f865-4deb-907f-6da4bce1ea18',0,'7207f14a-06e6-47ec-96fc-b3983c5a10c6','33','Gabriel Duarte',15,1,0,1,NULL,'2023-12-18 11:30:14'),('08dca24b-7efa-44d5-839e-ea46208e719c','859fb385-f865-4deb-907f-6da4bce1ea18',0,'7207f14a-06e6-47ec-96fc-b3983c5a10c6','33','Gabriel Duarte',15,0,0,1,NULL,'2023-12-18 11:35:12'),('08dca24b-7efa-44d8-8229-dedc79d8472a','859fb385-f865-4deb-907f-6da4bce1ea18',0,'7207f14a-06e6-47ec-96fc-b3983c5a10c6','33','Gabriel Duarte',15,0,0,1,NULL,'2023-12-18 11:39:25'),('08dca24b-7efa-44db-8481-8671726e148f','859fb385-f865-4deb-907f-6da4bce1ea18',0,'7207f14a-06e6-47ec-96fc-b3983c5a10c6','33','Gabriel Duarte',15,255,0,1,NULL,'2023-12-18 11:40:36'),('08dca24b-7efa-44de-82bb-5054853c8798','859fb385-f865-4deb-907f-6da4bce1ea18',0,'7207f14a-06e6-47ec-96fc-b3983c5a10c6','33','Gabriel Duarte',15,0,0,1,NULL,'2023-12-18 11:44:02'),('08dca24b-7efa-44e1-81e8-fc12df654d2e','859fb385-f865-4deb-907f-6da4bce1ea18',0,'7207f14a-06e6-47ec-96fc-b3983c5a10c6','33','Gabriel Duarte',15,0,0,1,NULL,'2023-12-18 11:46:05'),('08dca24b-7efa-44e3-8ff7-1381e502c35f','859fb385-f865-4deb-907f-6da4bce1ea18',0,'7207f14a-06e6-47ec-96fc-b3983c5a10c6','33','Gabriel Duarte',15,0,0,1,NULL,'2023-12-18 11:50:03'),('08dca24b-7efa-44e6-8ede-c93726124e5a','859fb385-f865-4deb-907f-6da4bce1ea18',0,'7207f14a-06e6-47ec-96fc-b3983c5a10c6','33','Gabriel Duarte',15,0,0,1,NULL,'2023-12-18 12:00:24'),('08dca24b-7efa-44ea-80ff-88d1b4ae704f','859fb385-f865-4deb-907f-6da4bce1ea18',0,'7207f14a-06e6-47ec-96fc-b3983c5a10c6','33','Gabriel Duarte',15,0,0,1,NULL,'2023-12-18 14:50:14'),('08dca24b-7efa-44ed-8aa8-277cc641ae8e','859fb385-f865-4deb-907f-6da4bce1ea18',0,'7207f14a-06e6-47ec-96fc-b3983c5a10c6','33','Gabriel Duarte',15,0,0,1,NULL,'2023-12-18 17:24:29'),('08dca24b-7efa-44f0-8930-2de1ee7adc8b','859fb385-f865-4deb-907f-6da4bce1ea18',0,'6d3fdf36-0f5b-4ce6-a217-3a395f3cc534','22','Norberto Pinto',15,0,0,1,NULL,'2023-12-19 08:59:43'),('08dca24b-7efa-44f3-8a1d-454bcf82e2f5','859fb385-f865-4deb-907f-6da4bce1ea18',0,'6d3fdf36-0f5b-4ce6-a217-3a395f3cc534','22','Norberto Pinto',15,0,0,1,NULL,'2023-12-20 09:13:30'),('08dca24b-7efa-44f6-88c6-149199f42767','859fb385-f865-4deb-907f-6da4bce1ea18',0,'6d3fdf36-0f5b-4ce6-a217-3a395f3cc534','22','Norberto Pinto',15,0,0,1,NULL,'2023-12-20 17:41:36'),('08dca24b-7efa-44f9-8784-16afa93b3c46','859fb385-f865-4deb-907f-6da4bce1ea18',0,'6d3fdf36-0f5b-4ce6-a217-3a395f3cc534','22','Norberto Pinto',15,0,0,1,NULL,'2023-12-21 09:36:03'),('08dca24b-7efa-44fc-865a-d713f06b80bb','859fb385-f865-4deb-907f-6da4bce1ea18',0,'7207f14a-06e6-47ec-96fc-b3983c5a10c6','33','Gabriel Duarte',15,0,0,1,NULL,'2023-12-21 16:43:30'),('08dca24b-7efa-44ff-852f-c2936d4e506d','859fb385-f865-4deb-907f-6da4bce1ea18',0,'7207f14a-06e6-47ec-96fc-b3983c5a10c6','33','Gabriel Duarte',15,2,0,1,NULL,'2024-01-02 17:06:41'),('08dca24b-7efa-4502-8440-1e7ffb20037e','859fb385-f865-4deb-907f-6da4bce1ea18',0,'6d3fdf36-0f5b-4ce6-a217-3a395f3cc534','22','Norberto Pinto',15,2,0,1,NULL,'2024-01-04 09:55:50'),('08dca24b-7efa-4505-8aae-c589e30cfe14','859fb385-f865-4deb-907f-6da4bce1ea18',0,'6d3fdf36-0f5b-4ce6-a217-3a395f3cc534','22','Norberto Pinto',15,2,0,1,NULL,'2024-01-04 09:57:19'),('08dca24b-7efa-4508-8a15-7e05acb74ba7','859fb385-f865-4deb-907f-6da4bce1ea18',0,'6d3fdf36-0f5b-4ce6-a217-3a395f3cc534','22','Norberto Pinto',15,2,0,1,NULL,'2024-01-04 09:58:19'),('08dca24b-7efa-450b-8b09-544f2edd3119','859fb385-f865-4deb-907f-6da4bce1ea18',0,'6d3fdf36-0f5b-4ce6-a217-3a395f3cc534','22','Norberto Pinto',15,2,0,1,NULL,'2024-01-05 08:29:35'),('08dca24b-7efa-450e-8999-25cf242a7a32','859fb385-f865-4deb-907f-6da4bce1ea18',0,'6d3fdf36-0f5b-4ce6-a217-3a395f3cc534','22','Norberto Pinto',15,2,0,1,NULL,'2024-01-05 13:49:25'),('08dca24b-7efa-4511-8927-7b4c21ef4fe6','859fb385-f865-4deb-907f-6da4bce1ea18',0,'6d3fdf36-0f5b-4ce6-a217-3a395f3cc534','22','Norberto Pinto',15,2,0,1,NULL,'2024-01-08 09:42:24'),('08dca24b-7efa-4514-877b-7ae674b13421','859fb385-f865-4deb-907f-6da4bce1ea18',0,'6d3fdf36-0f5b-4ce6-a217-3a395f3cc534','22','Norberto Pinto',15,2,0,1,NULL,'2024-01-08 10:08:15'),('08dca24b-7efa-4517-8435-1bb028131540','859fb385-f865-4deb-907f-6da4bce1ea18',0,'6d3fdf36-0f5b-4ce6-a217-3a395f3cc534','22','Norberto Pinto',15,2,0,1,NULL,'2024-01-08 10:09:21'),('08dca24b-7efa-451a-8376-37cb9d5ca331','859fb385-f865-4deb-907f-6da4bce1ea18',0,'6d3fdf36-0f5b-4ce6-a217-3a395f3cc534','22','Norberto Pinto',15,2,0,1,NULL,'2024-01-08 14:36:51'),('08dca24b-7efa-451d-860c-1f7fae98412f','859fb385-f865-4deb-907f-6da4bce1ea18',0,'6d3fdf36-0f5b-4ce6-a217-3a395f3cc534','22','Norberto Pinto',15,2,0,1,NULL,'2024-01-08 14:38:51'),('08dca24b-7efa-4520-8b5b-a0ff7c0cf6dc','859fb385-f865-4deb-907f-6da4bce1ea18',0,'6d3fdf36-0f5b-4ce6-a217-3a395f3cc534','22','Norberto Pinto',15,2,0,1,NULL,'2024-01-09 09:04:11'),('08dca24b-7efa-4523-89eb-b5c33d119bc0','859fb385-f865-4deb-907f-6da4bce1ea18',0,'7207f14a-06e6-47ec-96fc-b3983c5a10c6','33','Gabriel Duarte',15,2,0,1,NULL,'2024-01-09 15:55:47'),('08dca24b-7efa-4529-8c71-eca18267a734','859fb385-f865-4deb-907f-6da4bce1ea18',0,'6d3fdf36-0f5b-4ce6-a217-3a395f3cc534','22','Norberto Pinto',15,2,0,1,NULL,'2024-01-10 09:01:02'),('08dca24b-7efa-452d-8022-add02ea8e545','859fb385-f865-4deb-907f-6da4bce1ea18',0,'6d3fdf36-0f5b-4ce6-a217-3a395f3cc534','22','Norberto Pinto',15,2,0,1,NULL,'2024-01-10 09:26:49'),('08dca24b-7efa-452f-8f8b-d70cae9d3182','859fb385-f865-4deb-907f-6da4bce1ea18',0,'7207f14a-06e6-47ec-96fc-b3983c5a10c6','33','Gabriel Duarte',15,2,0,1,NULL,'2024-01-10 12:13:27'),('08dca24b-7efa-4532-8ce0-580ccb9bb0c3','859fb385-f865-4deb-907f-6da4bce1ea18',0,'6d3fdf36-0f5b-4ce6-a217-3a395f3cc534','22','Norberto Pinto',15,2,0,1,NULL,'2024-01-12 08:57:27'),('08dca24b-7efa-4535-8bb3-905a8d452c38','859fb385-f865-4deb-907f-6da4bce1ea18',0,'6d3fdf36-0f5b-4ce6-a217-3a395f3cc534','22','Norberto Pinto',15,2,0,1,NULL,'2024-01-12 09:19:16'),('08dca24b-7efa-4538-88ea-4255ab96452a','859fb385-f865-4deb-907f-6da4bce1ea18',0,'6d3fdf36-0f5b-4ce6-a217-3a395f3cc534','22','Norberto Pinto',15,2,0,1,NULL,'2024-01-12 09:23:22'),('08dca24b-7efa-453b-8f98-0d6c4fa703b0','859fb385-f865-4deb-907f-6da4bce1ea18',0,'6d3fdf36-0f5b-4ce6-a217-3a395f3cc534','22','Norberto Pinto',15,2,0,1,NULL,'2024-01-15 13:42:09'),('08dca24b-7efa-453f-8016-e852e30b8917','859fb385-f865-4deb-907f-6da4bce1ea18',0,'7207f14a-06e6-47ec-96fc-b3983c5a10c6','33','Gabriel Duarte',15,2,0,1,NULL,'2024-01-15 15:41:02'),('08dca24b-7efa-4541-8fa9-cfbe1f68e6f0','859fb385-f865-4deb-907f-6da4bce1ea18',0,'7207f14a-06e6-47ec-96fc-b3983c5a10c6','33','Gabriel Duarte',15,2,0,1,NULL,'2024-01-15 15:42:57'),('08dca24b-7efa-4544-8dc2-80c8670ea38b','859fb385-f865-4deb-907f-6da4bce1ea18',0,'7207f14a-06e6-47ec-96fc-b3983c5a10c6','33','Gabriel Duarte',15,2,0,1,NULL,'2024-01-15 15:46:22'),('08dca24b-7efa-4547-8c45-ca1599b36111','859fb385-f865-4deb-907f-6da4bce1ea18',0,'6d3fdf36-0f5b-4ce6-a217-3a395f3cc534','22','Norberto Pinto',15,2,0,1,NULL,'2024-01-16 08:31:44'),('08dca24b-7efa-454a-8a58-4019f33e8827','859fb385-f865-4deb-907f-6da4bce1ea18',0,'7207f14a-06e6-47ec-96fc-b3983c5a10c6','33','Gabriel Duarte',15,2,0,1,NULL,'2024-01-16 14:48:56'),('08dca24b-7efa-454d-89d9-902edc0759d7','859fb385-f865-4deb-907f-6da4bce1ea18',0,'6d3fdf36-0f5b-4ce6-a217-3a395f3cc534','22','Norberto Pinto',15,2,0,1,NULL,'2024-01-17 08:21:32'),('08dca24b-7efa-4550-877b-9a7f9cf45bfa','859fb385-f865-4deb-907f-6da4bce1ea18',0,'6d3fdf36-0f5b-4ce6-a217-3a395f3cc534','22','Norberto Pinto',15,2,0,1,NULL,'2024-01-17 12:01:21'),('08dca24b-7efa-4553-8b03-9f1621355eb2','859fb385-f865-4deb-907f-6da4bce1ea18',0,'6d3fdf36-0f5b-4ce6-a217-3a395f3cc534','22','Norberto Pinto',15,2,0,1,NULL,'2024-01-17 15:19:19'),('08dca24b-7efa-4556-8c05-a9013dd5db04','859fb385-f865-4deb-907f-6da4bce1ea18',0,'6d3fdf36-0f5b-4ce6-a217-3a395f3cc534','22','Norberto Pinto',15,2,0,1,NULL,'2024-01-18 09:45:45'),('08dca24b-7efa-4559-8e98-003dac9edcd1','859fb385-f865-4deb-907f-6da4bce1ea18',0,'6d3fdf36-0f5b-4ce6-a217-3a395f3cc534','22','Norberto Pinto',15,2,0,1,NULL,'2024-01-18 09:47:06'),('08dca24b-7efa-455c-8bc1-f8f1fb7dddd8','859fb385-f865-4deb-907f-6da4bce1ea18',0,'6d3fdf36-0f5b-4ce6-a217-3a395f3cc534','22','Norberto Pinto',15,2,0,1,NULL,'2024-01-18 09:48:37'),('08dca24b-7efa-455f-8905-df27aec31ca7','859fb385-f865-4deb-907f-6da4bce1ea18',0,'7207f14a-06e6-47ec-96fc-b3983c5a10c6','33','Gabriel Duarte',15,2,0,1,NULL,'2024-01-18 12:03:26'),('08dca24b-7efa-4562-87e3-a7c855c00e21','859fb385-f865-4deb-907f-6da4bce1ea18',0,'6d3fdf36-0f5b-4ce6-a217-3a395f3cc534','22','Norberto Pinto',15,2,0,1,NULL,'2024-01-18 14:45:58'),('08dca24b-7efa-4565-8726-cb1cc662a1e1','859fb385-f865-4deb-907f-6da4bce1ea18',0,'6d3fdf36-0f5b-4ce6-a217-3a395f3cc534','22','Norberto Pinto',15,2,0,1,NULL,'2024-01-18 14:47:50'),('08dca24b-7efa-4568-85e1-e2ae441ee547','859fb385-f865-4deb-907f-6da4bce1ea18',0,'6d3fdf36-0f5b-4ce6-a217-3a395f3cc534','22','Norberto Pinto',15,2,0,1,NULL,'2024-01-23 08:39:56'),('08dca24b-7efa-456b-83b0-6cd7f4f70910','859fb385-f865-4deb-907f-6da4bce1ea18',0,'6d3fdf36-0f5b-4ce6-a217-3a395f3cc534','22','Norberto Pinto',15,2,0,1,NULL,'2024-01-26 09:09:42'),('08dca24b-7efa-456e-8ac3-baea76d90b4d','859fb385-f865-4deb-907f-6da4bce1ea18',0,'6d3fdf36-0f5b-4ce6-a217-3a395f3cc534','22','Norberto Pinto',15,2,0,1,NULL,'2024-01-26 09:15:52'),('08dca24b-7efa-4571-88f4-47c1a4fb3376','859fb385-f865-4deb-907f-6da4bce1ea18',0,'6d3fdf36-0f5b-4ce6-a217-3a395f3cc534','22','Norberto Pinto',15,2,0,1,NULL,'2024-01-26 10:30:43'),('08dca24b-7efa-4574-8737-eb5bdc5e92e5','859fb385-f865-4deb-907f-6da4bce1ea18',0,'6d3fdf36-0f5b-4ce6-a217-3a395f3cc534','22','Norberto Pinto',15,2,0,1,NULL,'2024-01-26 10:32:50'),('08dca24b-7efa-4577-86cf-948a03963f63','859fb385-f865-4deb-907f-6da4bce1ea18',0,'6d3fdf36-0f5b-4ce6-a217-3a395f3cc534','22','Norberto Pinto',15,2,0,1,NULL,'2024-01-30 13:26:13'),('08dca24b-7efa-457a-8560-c9f6cb632128','859fb385-f865-4deb-907f-6da4bce1ea18',0,'6d3fdf36-0f5b-4ce6-a217-3a395f3cc534','22','Norberto Pinto',15,2,0,1,NULL,'2024-01-30 13:28:12'),('08dca24b-7efa-457d-83e0-548fc9106385','859fb385-f865-4deb-907f-6da4bce1ea18',0,'6d3fdf36-0f5b-4ce6-a217-3a395f3cc534','22','Norberto Pinto',15,2,0,1,NULL,'2024-01-31 08:58:14'),('08dca24b-7efa-4580-820f-6562996340af','859fb385-f865-4deb-907f-6da4bce1ea18',0,'6d3fdf36-0f5b-4ce6-a217-3a395f3cc534','22','Norberto Pinto',15,2,0,1,NULL,'2024-02-01 09:13:13'),('08dca24b-7efa-4583-8254-1218c9656163','859fb385-f865-4deb-907f-6da4bce1ea18',0,'7207f14a-06e6-47ec-96fc-b3983c5a10c6','33','Gabriel Duarte',15,2,0,1,NULL,'2024-02-01 10:40:48'),('08dca24b-7efa-4586-86f5-32a472dce4f5','859fb385-f865-4deb-907f-6da4bce1ea18',0,'7207f14a-06e6-47ec-96fc-b3983c5a10c6','33','Gabriel Duarte',15,2,0,1,NULL,'2024-02-01 11:15:50'),('08dca24b-7efa-4589-86ef-2698d2cdbb17','859fb385-f865-4deb-907f-6da4bce1ea18',0,'7207f14a-06e6-47ec-96fc-b3983c5a10c6','33','Gabriel Duarte',15,2,0,1,NULL,'2024-02-01 11:18:23'),('08dca24b-7efa-458c-84ac-45f9ce71a8d9','859fb385-f865-4deb-907f-6da4bce1ea18',0,'6d3fdf36-0f5b-4ce6-a217-3a395f3cc534','22','Norberto Pinto',15,2,0,1,NULL,'2024-02-01 14:25:13'),('08dca24b-7efa-4594-84f0-e858a5f205ad','859fb385-f865-4deb-907f-6da4bce1ea18',0,'6d3fdf36-0f5b-4ce6-a217-3a395f3cc534','22','Norberto Pinto',15,2,0,1,NULL,'2024-02-02 09:44:36'),('08dca24b-7efa-4597-8ac5-170ed1d63d9c','859fb385-f865-4deb-907f-6da4bce1ea18',0,'6d3fdf36-0f5b-4ce6-a217-3a395f3cc534','22','Norberto Pinto',15,2,0,1,NULL,'2024-02-02 09:45:44'),('08dca24b-7efa-459a-882a-3ee9a474af0f','859fb385-f865-4deb-907f-6da4bce1ea18',0,'7207f14a-06e6-47ec-96fc-b3983c5a10c6','33','Gabriel Duarte',15,2,0,1,NULL,'2024-02-02 12:12:00'),('08dca24b-7efa-459d-880c-8e09cd09d8eb','859fb385-f865-4deb-907f-6da4bce1ea18',0,'7207f14a-06e6-47ec-96fc-b3983c5a10c6','33','Gabriel Duarte',15,2,0,1,NULL,'2024-02-02 12:13:10'),('08dca24b-7efa-45a0-859b-e90bfecd347e','859fb385-f865-4deb-907f-6da4bce1ea18',0,'7207f14a-06e6-47ec-96fc-b3983c5a10c6','33','Gabriel Duarte',15,2,0,1,NULL,'2024-02-02 12:48:44'),('08dca24b-7efa-45a3-862a-a94297f30bac','859fb385-f865-4deb-907f-6da4bce1ea18',0,'6d3fdf36-0f5b-4ce6-a217-3a395f3cc534','22','Norberto Pinto',15,2,0,1,NULL,'2024-02-02 14:17:37'),('08dca24b-7efa-45a6-8c75-e49db3a2a962','859fb385-f865-4deb-907f-6da4bce1ea18',0,'6d3fdf36-0f5b-4ce6-a217-3a395f3cc534','22','Norberto Pinto',15,2,0,1,NULL,'2024-02-02 14:22:00'),('08dca24b-7efa-45a9-8cf1-65db2b6890ff','859fb385-f865-4deb-907f-6da4bce1ea18',0,'6d3fdf36-0f5b-4ce6-a217-3a395f3cc534','22','Norberto Pinto',15,2,0,1,NULL,'2024-02-05 09:24:04'),('08dca24b-7efa-45ac-8b86-713cef602dd0','859fb385-f865-4deb-907f-6da4bce1ea18',0,'6d3fdf36-0f5b-4ce6-a217-3a395f3cc534','22','Norberto Pinto',15,2,0,1,NULL,'2024-02-07 09:03:43'),('08dca24b-7efa-45af-8a0b-f49d410d5c92','859fb385-f865-4deb-907f-6da4bce1ea18',0,'6d3fdf36-0f5b-4ce6-a217-3a395f3cc534','22','Norberto Pinto',15,2,0,1,NULL,'2024-02-08 12:08:35'),('08dca24b-7efa-45b2-883f-602af53e5a22','859fb385-f865-4deb-907f-6da4bce1ea18',0,'6d3fdf36-0f5b-4ce6-a217-3a395f3cc534','22','Norberto Pinto',15,2,0,1,NULL,'2024-02-08 14:09:46'),('08dca24b-7efa-45b5-850e-d07b3d60d145','859fb385-f865-4deb-907f-6da4bce1ea18',0,'6d3fdf36-0f5b-4ce6-a217-3a395f3cc534','22','Norberto Pinto',15,2,0,1,NULL,'2024-02-09 09:18:31'),('08dca24b-7efa-45b8-8405-6cb81ba85ad0','859fb385-f865-4deb-907f-6da4bce1ea18',0,'6d3fdf36-0f5b-4ce6-a217-3a395f3cc534','22','Norberto Pinto',15,2,0,1,NULL,'2024-02-12 09:25:43'),('08dca24b-7efa-45bb-82bb-b3fabef579cf','859fb385-f865-4deb-907f-6da4bce1ea18',0,'6d3fdf36-0f5b-4ce6-a217-3a395f3cc534','22','Norberto Pinto',15,2,0,1,NULL,'2024-02-12 09:27:42'),('08dca24b-7efa-45be-8031-d2a6f56abfe0','859fb385-f865-4deb-907f-6da4bce1ea18',0,'6d3fdf36-0f5b-4ce6-a217-3a395f3cc534','22','Norberto Pinto',15,2,0,1,NULL,'2024-02-12 14:31:23'),('08dca24b-7efa-45c1-84cd-5587c02940cc','859fb385-f865-4deb-907f-6da4bce1ea18',0,'6d3fdf36-0f5b-4ce6-a217-3a395f3cc534','22','Norberto Pinto',15,2,0,1,NULL,'2024-02-12 14:42:39'),('08dca24b-7efa-45c4-839c-d315c384a00a','859fb385-f865-4deb-907f-6da4bce1ea18',0,'6d3fdf36-0f5b-4ce6-a217-3a395f3cc534','22','Norberto Pinto',15,2,0,1,NULL,'2024-02-12 14:43:47'),('08dca24b-7efa-45c7-830d-8c89339188db','859fb385-f865-4deb-907f-6da4bce1ea18',0,'7207f14a-06e6-47ec-96fc-b3983c5a10c6','33','Gabriel Duarte',15,2,0,1,NULL,'2024-02-15 16:49:35'),('08dca24b-7efa-45ca-813f-aa3869065515','859fb385-f865-4deb-907f-6da4bce1ea18',0,'6d3fdf36-0f5b-4ce6-a217-3a395f3cc534','22','Norberto Pinto',15,2,0,1,NULL,'2024-02-16 09:40:52'),('08dca24b-7efa-45cd-842a-492c00ba45f1','859fb385-f865-4deb-907f-6da4bce1ea18',0,'6d3fdf36-0f5b-4ce6-a217-3a395f3cc534','22','Norberto Pinto',15,2,0,1,NULL,'2024-02-19 15:40:16'),('08dca24b-7efa-45d0-840e-1f0d7b7bd8af','859fb385-f865-4deb-907f-6da4bce1ea18',0,'6d3fdf36-0f5b-4ce6-a217-3a395f3cc534','22','Norberto Pinto',15,2,0,1,NULL,'2024-02-22 09:15:57'),('08dca24b-7efa-45d3-82d1-0ab6222b4039','859fb385-f865-4deb-907f-6da4bce1ea18',0,'7207f14a-06e6-47ec-96fc-b3983c5a10c6','33','Gabriel Duarte',15,2,0,1,NULL,'2024-02-22 10:23:23'),('08dca24b-7efa-45d6-80fc-0d374174aeab','859fb385-f865-4deb-907f-6da4bce1ea18',0,'7207f14a-06e6-47ec-96fc-b3983c5a10c6','33','Gabriel Duarte',15,2,0,1,NULL,'2024-02-22 11:11:27'),('08dca24b-7efa-45d9-8a41-9407f5294927','859fb385-f865-4deb-907f-6da4bce1ea18',0,'01cafd90-3f4d-4329-81bf-04957083f82b','30','Eduarda',15,0,0,1,NULL,'2024-02-22 11:14:03'),('08dca24b-7efa-45dc-890b-f00f0da6d485','859fb385-f865-4deb-907f-6da4bce1ea18',0,'7207f14a-06e6-47ec-96fc-b3983c5a10c6','33','Gabriel Duarte',15,0,0,1,NULL,'2024-02-22 11:54:14'),('08dca24b-7efa-45df-8897-c372acad1a3e','859fb385-f865-4deb-907f-6da4bce1ea18',0,'6d3fdf36-0f5b-4ce6-a217-3a395f3cc534','22','Norberto Pinto',15,0,0,1,NULL,'2024-02-22 11:56:12'),('08dca24b-7efa-45e2-87b6-f8fc8e4a459c','859fb385-f865-4deb-907f-6da4bce1ea18',0,'7207f14a-06e6-47ec-96fc-b3983c5a10c6','33','Gabriel Duarte',15,0,0,1,NULL,'2024-02-22 12:52:41'),('08dca24b-7efa-45e5-8455-9e21c18a63d9','859fb385-f865-4deb-907f-6da4bce1ea18',0,'7207f14a-06e6-47ec-96fc-b3983c5a10c6','33','Gabriel Duarte',15,0,0,1,NULL,'2024-02-22 12:54:30'),('08dca24b-7efa-45e8-8362-ac3c838e23fd','859fb385-f865-4deb-907f-6da4bce1ea18',0,'01cafd90-3f4d-4329-81bf-04957083f82b','30','Eduarda',15,0,0,1,NULL,'2024-02-22 12:54:33'),('08dca24b-7efa-45eb-81bd-c3a258ef4973','859fb385-f865-4deb-907f-6da4bce1ea18',0,'6d3fdf36-0f5b-4ce6-a217-3a395f3cc534','22','Norberto Pinto',15,0,0,1,NULL,'2024-02-22 14:02:05'),('08dca24b-7efa-45ed-8fa3-3f295bd29bbd','859fb385-f865-4deb-907f-6da4bce1ea18',0,'01cafd90-3f4d-4329-81bf-04957083f82b','30','Eduarda',15,0,0,1,NULL,'2024-02-22 14:02:28'),('08dca24b-7efa-45f1-8434-7f818ecc48c4','859fb385-f865-4deb-907f-6da4bce1ea18',0,'6d3fdf36-0f5b-4ce6-a217-3a395f3cc534','22','Norberto Pinto',15,0,0,1,NULL,'2024-02-22 14:20:34'),('08dca24b-7efa-45f4-8289-7c42d4147f65','859fb385-f865-4deb-907f-6da4bce1ea18',0,'6d3fdf36-0f5b-4ce6-a217-3a395f3cc534','22','Norberto Pinto',15,0,0,1,NULL,'2024-02-22 15:34:22'),('08dca24b-7efa-45f7-8038-09915fe95c11','859fb385-f865-4deb-907f-6da4bce1ea18',0,'01cafd90-3f4d-4329-81bf-04957083f82b','30','Eduarda',15,0,0,1,NULL,'2024-02-22 15:34:29'),('08dca24b-7efa-45fa-80ed-77053d1045b2','859fb385-f865-4deb-907f-6da4bce1ea18',0,'01cafd90-3f4d-4329-81bf-04957083f82b','30','Eduarda',15,0,0,1,NULL,'2024-02-22 18:09:18'),('08dca24b-7efa-45fc-8f99-9090886d3a9a','859fb385-f865-4deb-907f-6da4bce1ea18',0,'6d3fdf36-0f5b-4ce6-a217-3a395f3cc534','22','Norberto Pinto',15,0,0,1,NULL,'2024-02-23 09:03:38'),('08dca24b-7efa-45ff-8eb1-c5533e39aa16','859fb385-f865-4deb-907f-6da4bce1ea18',0,'01cafd90-3f4d-4329-81bf-04957083f82b','30','Eduarda',15,0,0,1,NULL,'2024-02-23 09:04:41'),('08dca24b-7efa-4603-800b-37355a36d2df','859fb385-f865-4deb-907f-6da4bce1ea18',0,'6d3fdf36-0f5b-4ce6-a217-3a395f3cc534','22','Norberto Pinto',15,0,0,1,NULL,'2024-02-23 09:05:03'),('08dca24b-7efa-4605-8f9b-ea69d999aee3','859fb385-f865-4deb-907f-6da4bce1ea18',0,'01cafd90-3f4d-4329-81bf-04957083f82b','30','Eduarda',15,0,0,1,NULL,'2024-02-23 13:05:45'),('08dca24b-7efa-4608-8c14-05202f965540','859fb385-f865-4deb-907f-6da4bce1ea18',0,'01cafd90-3f4d-4329-81bf-04957083f82b','30','Eduarda',15,0,0,1,NULL,'2024-02-23 13:56:45'),('08dca24b-7efa-460c-80ee-3537a04039f8','859fb385-f865-4deb-907f-6da4bce1ea18',0,'01cafd90-3f4d-4329-81bf-04957083f82b','30','Eduarda',15,0,0,1,NULL,'2024-02-23 18:10:54'),('08dca24b-7efa-460f-810b-83086f49a6f3','859fb385-f865-4deb-907f-6da4bce1ea18',0,'6d3fdf36-0f5b-4ce6-a217-3a395f3cc534','22','Norberto Pinto',15,0,0,1,NULL,'2024-02-26 09:09:41'),('08dca24b-7efa-4612-8103-f052f759ef41','859fb385-f865-4deb-907f-6da4bce1ea18',0,'6d3fdf36-0f5b-4ce6-a217-3a395f3cc534','22','Norberto Pinto',15,0,0,1,NULL,'2024-02-26 09:11:47'),('08dca24b-7efa-4614-8f1f-0cce002de032','859fb385-f865-4deb-907f-6da4bce1ea18',0,'6d3fdf36-0f5b-4ce6-a217-3a395f3cc534','22','Norberto Pinto',15,0,0,1,NULL,'2024-02-26 14:04:01'),('08dca24b-7efa-4617-8e95-e621c656b3b9','859fb385-f865-4deb-907f-6da4bce1ea18',0,'6d3fdf36-0f5b-4ce6-a217-3a395f3cc534','22','Norberto Pinto',15,0,0,1,NULL,'2024-02-26 14:09:41'),('08dca24b-7efa-461a-8cbf-e9a9cf9da1f6','859fb385-f865-4deb-907f-6da4bce1ea18',0,'6d3fdf36-0f5b-4ce6-a217-3a395f3cc534','22','Norberto Pinto',15,0,0,1,NULL,'2024-02-26 18:27:12'),('08dca24b-7efa-461d-8c99-8a184ff1aaa3','859fb385-f865-4deb-907f-6da4bce1ea18',0,'01cafd90-3f4d-4329-81bf-04957083f82b','30','Eduarda',15,0,0,1,NULL,'2024-02-27 09:05:54'),('08dca24b-7efa-4620-8b0c-6341509277cb','859fb385-f865-4deb-907f-6da4bce1ea18',0,'6d3fdf36-0f5b-4ce6-a217-3a395f3cc534','22','Norberto Pinto',15,0,0,1,NULL,'2024-02-27 09:11:01'),('08dca24b-7efa-4623-8e8d-3a9c6a50e209','859fb385-f865-4deb-907f-6da4bce1ea18',0,'6d3fdf36-0f5b-4ce6-a217-3a395f3cc534','22','Norberto Pinto',15,0,0,1,NULL,'2024-02-27 09:12:27'),('08dca24b-7efa-4626-8e71-12bc3de0f757','859fb385-f865-4deb-907f-6da4bce1ea18',0,'6d3fdf36-0f5b-4ce6-a217-3a395f3cc534','22','Norberto Pinto',15,0,0,1,NULL,'2024-02-27 09:51:36'),('08dca24b-7efa-4629-8c76-373f1afa50c5','859fb385-f865-4deb-907f-6da4bce1ea18',0,'6d3fdf36-0f5b-4ce6-a217-3a395f3cc534','22','Norberto Pinto',15,0,0,1,NULL,'2024-02-27 11:43:35'),('08dca24b-7efa-462c-8a4a-2cf7ee5635c4','859fb385-f865-4deb-907f-6da4bce1ea18',0,'01cafd90-3f4d-4329-81bf-04957083f82b','30','Eduarda',15,0,0,1,NULL,'2024-02-27 13:01:46'),('08dca24b-7efa-462f-8873-084b6136d45b','859fb385-f865-4deb-907f-6da4bce1ea18',0,'6d3fdf36-0f5b-4ce6-a217-3a395f3cc534','22','Norberto Pinto',15,0,0,1,NULL,'2024-02-27 18:33:11'),('08dca24b-7efa-4632-8750-f930006522a5','859fb385-f865-4deb-907f-6da4bce1ea18',0,'6d3fdf36-0f5b-4ce6-a217-3a395f3cc534','22','Norberto Pinto',15,0,0,1,NULL,'2024-02-28 10:19:06'),('08dca24b-7efa-4635-8742-ab17a28936de','859fb385-f865-4deb-907f-6da4bce1ea18',0,'7207f14a-06e6-47ec-96fc-b3983c5a10c6','33','Gabriel Duarte',15,0,0,1,NULL,'2024-02-28 10:21:44'),('08dca24b-7efa-4638-8978-4d1814e93f4e','859fb385-f865-4deb-907f-6da4bce1ea18',0,'6d3fdf36-0f5b-4ce6-a217-3a395f3cc534','22','Norberto Pinto',15,0,0,1,NULL,'2024-02-28 17:36:36'),('08dca24b-7efa-463b-8861-6d828dff8308','859fb385-f865-4deb-907f-6da4bce1ea18',0,'6d3fdf36-0f5b-4ce6-a217-3a395f3cc534','22','Norberto Pinto',15,0,0,1,NULL,'2024-02-28 17:41:53'),('08dca24b-7efa-463f-8b23-518e707c39b8','859fb385-f865-4deb-907f-6da4bce1ea18',0,'01cafd90-3f4d-4329-81bf-04957083f82b','30','Eduarda',15,0,0,1,NULL,'2024-02-29 08:57:49'),('08dca24b-7efa-4642-8abd-e1b666bcd210','859fb385-f865-4deb-907f-6da4bce1ea18',0,'6d3fdf36-0f5b-4ce6-a217-3a395f3cc534','22','Norberto Pinto',15,0,0,1,NULL,'2024-02-29 09:14:46'),('08dca24b-7efa-4645-88c7-e8efbf07f102','859fb385-f865-4deb-907f-6da4bce1ea18',0,'6d3fdf36-0f5b-4ce6-a217-3a395f3cc534','22','Norberto Pinto',15,0,0,1,NULL,'2024-02-29 11:06:43'),('08dca24b-7efa-4648-8790-f5be0a2f7bb3','859fb385-f865-4deb-907f-6da4bce1ea18',0,'7207f14a-06e6-47ec-96fc-b3983c5a10c6','33','Gabriel Duarte',15,0,0,1,NULL,'2024-02-29 11:06:54'),('08dca24b-7efa-464b-86db-cd674e4514f2','859fb385-f865-4deb-907f-6da4bce1ea18',0,'01cafd90-3f4d-4329-81bf-04957083f82b','30','Eduarda',15,0,0,1,NULL,'2024-02-29 12:17:05'),('08dca24b-7efa-464e-8370-d25fce71d87d','859fb385-f865-4deb-907f-6da4bce1ea18',0,'01cafd90-3f4d-4329-81bf-04957083f82b','30','Eduarda',15,0,0,1,NULL,'2024-02-29 13:30:34'),('08dca24b-7efa-4651-82ec-49cccb185d22','859fb385-f865-4deb-907f-6da4bce1ea18',0,'01cafd90-3f4d-4329-81bf-04957083f82b','30','Eduarda',15,0,0,1,NULL,'2024-02-29 17:46:55'),('08dca24b-7efa-4653-8f2c-957375d01145','859fb385-f865-4deb-907f-6da4bce1ea18',0,'6d3fdf36-0f5b-4ce6-a217-3a395f3cc534','22','Norberto Pinto',15,0,0,1,NULL,'2024-02-29 17:47:01'),('08dca24b-7efa-4657-861e-b12e8045d951','859fb385-f865-4deb-907f-6da4bce1ea18',0,'6d3fdf36-0f5b-4ce6-a217-3a395f3cc534','22','Norberto Pinto',15,0,0,1,NULL,'2024-03-01 08:35:22'),('08dca24b-7efa-465a-8611-a48fee0332cc','859fb385-f865-4deb-907f-6da4bce1ea18',0,'01cafd90-3f4d-4329-81bf-04957083f82b','30','Eduarda',15,0,0,1,NULL,'2024-03-01 10:09:13'),('08dca24b-7efa-465d-8261-1a354865dfe2','859fb385-f865-4deb-907f-6da4bce1ea18',0,'6d3fdf36-0f5b-4ce6-a217-3a395f3cc534','22','Norberto Pinto',15,0,0,1,NULL,'2024-03-01 10:10:47'),('08dca24b-7efa-4660-83e1-2bf97a9f0660','859fb385-f865-4deb-907f-6da4bce1ea18',0,'6d3fdf36-0f5b-4ce6-a217-3a395f3cc534','22','Norberto Pinto',15,0,0,1,NULL,'2024-03-01 13:31:02'),('08dca24b-7efa-4663-8039-99cede1b8b5b','859fb385-f865-4deb-907f-6da4bce1ea18',0,'01cafd90-3f4d-4329-81bf-04957083f82b','30','Eduarda',15,0,0,1,NULL,'2024-03-01 14:10:28'),('08dca24b-7efa-4665-8e64-15ac1a008bb2','859fb385-f865-4deb-907f-6da4bce1ea18',0,'01cafd90-3f4d-4329-81bf-04957083f82b','30','Eduarda',15,0,0,1,NULL,'2024-03-01 18:00:49'),('08dca24b-7efa-4668-8c67-459ab2897a1f','859fb385-f865-4deb-907f-6da4bce1ea18',0,'6d3fdf36-0f5b-4ce6-a217-3a395f3cc534','22','Norberto Pinto',15,0,0,1,NULL,'2024-03-04 09:21:00'),('08dca24b-7efa-466b-8d5d-1432ccd16d85','859fb385-f865-4deb-907f-6da4bce1ea18',0,'7207f14a-06e6-47ec-96fc-b3983c5a10c6','33','Gabriel Duarte',15,0,0,1,NULL,'2024-03-04 10:03:03'),('08dca24b-7efa-466f-861f-aad2bcfeca73','859fb385-f865-4deb-907f-6da4bce1ea18',0,'6d3fdf36-0f5b-4ce6-a217-3a395f3cc534','22','Norberto Pinto',15,0,0,1,NULL,'2024-03-04 10:44:22'),('08dca24b-7efa-4672-8a6a-fa4246a40480','859fb385-f865-4deb-907f-6da4bce1ea18',0,'6d3fdf36-0f5b-4ce6-a217-3a395f3cc534','22','Norberto Pinto',15,0,0,1,NULL,'2024-03-04 10:59:43'),('08dca24b-7efa-4675-8798-e25aa919b7bb','859fb385-f865-4deb-907f-6da4bce1ea18',0,'7207f14a-06e6-47ec-96fc-b3983c5a10c6','33','Gabriel Duarte',15,0,0,1,NULL,'2024-03-04 12:11:48'),('08dca24b-7efa-4678-8562-4f26fa5935fc','859fb385-f865-4deb-907f-6da4bce1ea18',0,'7207f14a-06e6-47ec-96fc-b3983c5a10c6','33','Gabriel Duarte',15,0,0,1,NULL,'2024-03-04 14:15:53'),('08dca24b-7efa-467b-8524-3307956c0863','859fb385-f865-4deb-907f-6da4bce1ea18',0,'7207f14a-06e6-47ec-96fc-b3983c5a10c6','33','Gabriel Duarte',15,0,0,1,NULL,'2024-03-04 16:24:14'),('08dca24b-7efa-467e-81d8-851d5a7637fb','859fb385-f865-4deb-907f-6da4bce1ea18',0,'7207f14a-06e6-47ec-96fc-b3983c5a10c6','33','Gabriel Duarte',15,0,0,1,NULL,'2024-03-04 16:52:22'),('08dca24b-7efa-4681-80d4-22bfa4b31a54','859fb385-f865-4deb-907f-6da4bce1ea18',0,'6d3fdf36-0f5b-4ce6-a217-3a395f3cc534','22','Norberto Pinto',15,0,0,1,NULL,'2024-03-04 17:36:17'),('08dca24b-7efa-4683-8c5e-ad03238d19e1','859fb385-f865-4deb-907f-6da4bce1ea18',0,'6d3fdf36-0f5b-4ce6-a217-3a395f3cc534','22','Norberto Pinto',15,0,0,1,NULL,'2024-03-04 17:37:28'),('08dca24b-7efa-4686-8ba2-ed7a10245a4d','859fb385-f865-4deb-907f-6da4bce1ea18',0,'6d3fdf36-0f5b-4ce6-a217-3a395f3cc534','22','Norberto Pinto',15,0,0,1,NULL,'2024-03-04 18:41:03'),('08dca24b-7efa-468a-816a-ba57f5a168e4','859fb385-f865-4deb-907f-6da4bce1ea18',0,'01cafd90-3f4d-4329-81bf-04957083f82b','30','Eduarda',15,0,0,1,NULL,'2024-03-05 09:12:53'),('08dca24b-7efa-468d-80cc-6feeca751da2','859fb385-f865-4deb-907f-6da4bce1ea18',0,'6d3fdf36-0f5b-4ce6-a217-3a395f3cc534','22','Norberto Pinto',15,0,0,1,NULL,'2024-03-05 09:12:59'),('08dca24b-7efa-468f-8e5c-df0ef98aecfb','859fb385-f865-4deb-907f-6da4bce1ea18',0,'6d3fdf36-0f5b-4ce6-a217-3a395f3cc534','22','Norberto Pinto',15,0,0,1,NULL,'2024-03-05 09:16:35'),('08dca24b-7efa-4692-8da4-349352877d3a','859fb385-f865-4deb-907f-6da4bce1ea18',0,'6d3fdf36-0f5b-4ce6-a217-3a395f3cc534','22','Norberto Pinto',15,0,0,1,NULL,'2024-03-05 09:19:32'),('08dca24b-7efa-4695-8dfc-10ab3613fcb5','859fb385-f865-4deb-907f-6da4bce1ea18',0,'01cafd90-3f4d-4329-81bf-04957083f82b','30','Eduarda',15,0,0,1,NULL,'2024-03-05 12:59:39'),('08dca24b-7efa-4698-8d2f-022a3646023a','859fb385-f865-4deb-907f-6da4bce1ea18',0,'01cafd90-3f4d-4329-81bf-04957083f82b','30','Eduarda',15,0,0,1,NULL,'2024-03-06 09:10:53'),('08dca24b-7efa-469b-8b98-29f63285d0f3','859fb385-f865-4deb-907f-6da4bce1ea18',0,'6d3fdf36-0f5b-4ce6-a217-3a395f3cc534','22','Norberto Pinto',15,0,0,1,NULL,'2024-03-06 09:10:56'),('08dca24b-7efa-469e-89bb-aaf9e8790cdb','859fb385-f865-4deb-907f-6da4bce1ea18',0,'7207f14a-06e6-47ec-96fc-b3983c5a10c6','33','Gabriel Duarte',15,0,0,1,NULL,'2024-03-06 10:56:33'),('08dca24b-7efa-46a1-8d7e-f23163f8455b','859fb385-f865-4deb-907f-6da4bce1ea18',0,'7207f14a-06e6-47ec-96fc-b3983c5a10c6','33','Gabriel Duarte',15,0,0,1,NULL,'2024-03-06 12:40:33'),('08dca24b-7efa-46a4-8cc6-1602da7e871f','859fb385-f865-4deb-907f-6da4bce1ea18',0,'01cafd90-3f4d-4329-81bf-04957083f82b','30','Eduarda',15,0,0,1,NULL,'2024-03-06 12:41:37'),('08dca24b-7efa-46a7-8d66-7b566b29e60c','859fb385-f865-4deb-907f-6da4bce1ea18',0,'01cafd90-3f4d-4329-81bf-04957083f82b','30','Eduarda',15,0,0,1,NULL,'2024-03-07 09:15:47'),('08dca24b-7efa-46aa-8bdc-ded32649c953','859fb385-f865-4deb-907f-6da4bce1ea18',0,'01cafd90-3f4d-4329-81bf-04957083f82b','30','Eduarda',15,0,0,1,NULL,'2024-03-07 13:03:12'),('08dca24b-7efa-46ad-8843-fdcc4208aebb','859fb385-f865-4deb-907f-6da4bce1ea18',0,'01cafd90-3f4d-4329-81bf-04957083f82b','30','Eduarda',15,0,0,1,NULL,'2024-03-07 13:58:19'),('08dca24b-7efa-46b0-86a5-4246ddec9e0e','859fb385-f865-4deb-907f-6da4bce1ea18',0,'01cafd90-3f4d-4329-81bf-04957083f82b','30','Eduarda',15,0,0,1,NULL,'2024-03-07 17:40:46'),('08dca24b-7efa-46b3-847a-fd7de65954cc','859fb385-f865-4deb-907f-6da4bce1ea18',0,'01cafd90-3f4d-4329-81bf-04957083f82b','30','Eduarda',15,0,0,1,NULL,'2024-03-08 09:11:49'),('08dca24b-7efa-46b6-825c-3a98ea20ef18','859fb385-f865-4deb-907f-6da4bce1ea18',0,'6d3fdf36-0f5b-4ce6-a217-3a395f3cc534','22','Norberto Pinto',15,0,0,1,NULL,'2024-03-08 09:15:23'),('08dca24b-7efa-46bc-8685-41f2a0e55b16','859fb385-f865-4deb-907f-6da4bce1ea18',0,'7207f14a-06e6-47ec-96fc-b3983c5a10c6','33','Gabriel Duarte',15,0,0,1,NULL,'2024-03-08 10:03:05'),('08dca24b-7efa-46bf-86f3-1c8938b480c2','859fb385-f865-4deb-907f-6da4bce1ea18',0,'01cafd90-3f4d-4329-81bf-04957083f82b','30','Eduarda',15,0,0,1,NULL,'2024-03-08 12:58:33'),('08dca24b-7efa-46c5-84bc-f72f77e7c8a5','859fb385-f865-4deb-907f-6da4bce1ea18',0,'01cafd90-3f4d-4329-81bf-04957083f82b','30','Eduarda',15,0,0,1,NULL,'2024-03-08 13:56:14'),('08dca24b-7efa-46c8-8394-e420b295a8ed','859fb385-f865-4deb-907f-6da4bce1ea18',0,'01cafd90-3f4d-4329-81bf-04957083f82b','30','Eduarda',15,0,0,1,NULL,'2024-03-08 17:52:41'),('08dca24b-7efa-46d0-8e50-b3dc51d2d2bf','859fb385-f865-4deb-907f-6da4bce1ea18',0,'7207f14a-06e6-47ec-96fc-b3983c5a10c6','33','Gabriel Duarte',15,0,0,1,NULL,'2024-03-11 09:39:39'),('08dca24b-7efa-46d7-839a-23003d8e16ef','859fb385-f865-4deb-907f-6da4bce1ea18',0,'6d3fdf36-0f5b-4ce6-a217-3a395f3cc534','22','Norberto Pinto',15,0,0,1,NULL,'2024-03-11 09:39:42'),('08dca24b-7efa-46da-836b-8fa02db5e9f2','859fb385-f865-4deb-907f-6da4bce1ea18',0,'7207f14a-06e6-47ec-96fc-b3983c5a10c6','33','Gabriel Duarte',15,0,0,1,NULL,'2024-03-11 10:38:50'),('08dca24b-7efa-46dd-84e3-f170204361df','859fb385-f865-4deb-907f-6da4bce1ea18',0,'6d3fdf36-0f5b-4ce6-a217-3a395f3cc534','22','Norberto Pinto',15,0,0,1,NULL,'2024-03-11 10:43:18'),('08dca24b-7efa-46e0-8335-257234a0d98e','859fb385-f865-4deb-907f-6da4bce1ea18',0,'7207f14a-06e6-47ec-96fc-b3983c5a10c6','33','Gabriel Duarte',15,0,0,1,NULL,'2024-03-11 11:32:02'),('08dca24b-7efa-46e3-8149-3ed307265bb5','859fb385-f865-4deb-907f-6da4bce1ea18',0,'7207f14a-06e6-47ec-96fc-b3983c5a10c6','33','Gabriel Duarte',15,0,0,1,NULL,'2024-03-11 11:59:47'),('08dca24b-7efa-46f7-8cf1-154ac05798d4','859fb385-f865-4deb-907f-6da4bce1ea18',0,'6d3fdf36-0f5b-4ce6-a217-3a395f3cc534','22','Norberto Pinto',15,0,0,1,NULL,'2024-03-11 18:37:17'),('08dca24b-7efa-46fa-88b7-d9cc2e5b6f42','859fb385-f865-4deb-907f-6da4bce1ea18',0,'6d3fdf36-0f5b-4ce6-a217-3a395f3cc534','22','Norberto Pinto',15,0,0,1,NULL,'2024-03-12 08:11:42'),('08dca24b-7efa-4700-831e-217e8be93c94','859fb385-f865-4deb-907f-6da4bce1ea18',0,'7207f14a-06e6-47ec-96fc-b3983c5a10c6','33','Gabriel Duarte',15,0,0,1,NULL,'2024-03-12 09:59:36'),('08dca24b-7efa-4703-8155-298072aea6e6','859fb385-f865-4deb-907f-6da4bce1ea18',0,'7207f14a-06e6-47ec-96fc-b3983c5a10c6','33','Gabriel Duarte',15,0,0,1,NULL,'2024-03-12 10:51:43'),('08dca24b-7efa-4706-86b3-a46cb2e8fbe9','859fb385-f865-4deb-907f-6da4bce1ea18',0,'7207f14a-06e6-47ec-96fc-b3983c5a10c6','33','Gabriel Duarte',15,0,0,1,NULL,'2024-03-12 10:56:34'),('08dca24b-7efa-4709-86c6-d42e0d7488c5','859fb385-f865-4deb-907f-6da4bce1ea18',0,'7207f14a-06e6-47ec-96fc-b3983c5a10c6','33','Gabriel Duarte',15,0,0,1,NULL,'2024-03-12 11:05:21'),('08dca24b-7efa-470f-84af-929d94ed90c7','859fb385-f865-4deb-907f-6da4bce1ea18',0,'7207f14a-06e6-47ec-96fc-b3983c5a10c6','33','Gabriel Duarte',15,0,0,1,NULL,'2024-03-12 11:06:21'),('08dca24b-7efa-4712-825d-2a9ce33a23b4','859fb385-f865-4deb-907f-6da4bce1ea18',0,'7207f14a-06e6-47ec-96fc-b3983c5a10c6','33','Gabriel Duarte',15,0,0,1,NULL,'2024-03-12 11:26:29'),('08dca24b-7efa-4715-835f-25cc581bd00e','859fb385-f865-4deb-907f-6da4bce1ea18',0,'7207f14a-06e6-47ec-96fc-b3983c5a10c6','33','Gabriel Duarte',15,0,0,1,NULL,'2024-03-12 11:44:14'),('08dca24b-7efa-4718-81d1-cd6793a65358','859fb385-f865-4deb-907f-6da4bce1ea18',0,'7207f14a-06e6-47ec-96fc-b3983c5a10c6','33','Gabriel Duarte',15,0,0,1,NULL,'2024-03-12 12:31:40'),('08dca24b-7efa-471e-8499-cbb51241435c','859fb385-f865-4deb-907f-6da4bce1ea18',0,'7207f14a-06e6-47ec-96fc-b3983c5a10c6','33','Gabriel Duarte',15,0,0,1,NULL,'2024-03-12 14:10:15'),('08dca24b-7efa-4724-82c4-42e91f47b5a9','859fb385-f865-4deb-907f-6da4bce1ea18',0,'7207f14a-06e6-47ec-96fc-b3983c5a10c6','33','Gabriel Duarte',15,0,0,1,NULL,'2024-03-12 16:39:34'),('08dca24b-7efa-4729-8f0c-24de94ae9401','859fb385-f865-4deb-907f-6da4bce1ea18',0,'6d3fdf36-0f5b-4ce6-a217-3a395f3cc534','22','Norberto Pinto',15,0,0,1,NULL,'2024-03-13 08:06:59'),('08dca24b-7efa-472c-8d1e-0b4fa57c1987','859fb385-f865-4deb-907f-6da4bce1ea18',0,'01cafd90-3f4d-4329-81bf-04957083f82b','30','Eduarda',15,0,0,1,NULL,'2024-03-13 09:05:58'),('08dca24b-7efa-472f-8b1e-7a1bc2dea2be','859fb385-f865-4deb-907f-6da4bce1ea18',0,'01cafd90-3f4d-4329-81bf-04957083f82b','30','Eduarda',15,0,0,1,NULL,'2024-03-13 11:24:36'),('08dca24b-7efa-4732-8b9e-c610a5d36035','859fb385-f865-4deb-907f-6da4bce1ea18',0,'01cafd90-3f4d-4329-81bf-04957083f82b','30','Eduarda',15,0,0,1,NULL,'2024-03-13 12:55:25'),('08dca24b-7efa-4735-89c1-ac721f424f0e','859fb385-f865-4deb-907f-6da4bce1ea18',0,'6d3fdf36-0f5b-4ce6-a217-3a395f3cc534','22','Norberto Pinto',15,0,0,1,NULL,'2024-03-14 09:25:26'),('08dca24b-7efa-4739-80f2-6a8cac6b4e71','859fb385-f865-4deb-907f-6da4bce1ea18',0,'01cafd90-3f4d-4329-81bf-04957083f82b','30','Eduarda',15,0,0,1,NULL,'2024-03-14 09:25:30'),('08dca24b-7efa-473b-8d48-700e3133e3ca','859fb385-f865-4deb-907f-6da4bce1ea18',0,'7207f14a-06e6-47ec-96fc-b3983c5a10c6','33','Gabriel Duarte',15,0,0,1,NULL,'2024-03-14 10:46:52'),('08dca24b-7efa-473e-8a19-a15b76548b2a','859fb385-f865-4deb-907f-6da4bce1ea18',0,'7207f14a-06e6-47ec-96fc-b3983c5a10c6','33','Gabriel Duarte',15,0,0,1,NULL,'2024-03-14 12:22:13'),('08dca24b-7efa-4741-88c2-b548508067e2','859fb385-f865-4deb-907f-6da4bce1ea18',0,'01cafd90-3f4d-4329-81bf-04957083f82b','30','Eduarda',15,0,0,1,NULL,'2024-03-14 13:00:23'),('08dca24b-7efa-4744-87cf-7a0372d7ae51','859fb385-f865-4deb-907f-6da4bce1ea18',0,'01cafd90-3f4d-4329-81bf-04957083f82b','30','Eduarda',15,0,0,1,NULL,'2024-03-14 13:57:17'),('08dca24b-7efa-4747-8662-20d4cec57fd4','859fb385-f865-4deb-907f-6da4bce1ea18',0,'7207f14a-06e6-47ec-96fc-b3983c5a10c6','33','Gabriel Duarte',15,0,0,1,NULL,'2024-03-14 14:09:54'),('08dca24b-7efa-474a-889e-0ecf9dceb8c8','859fb385-f865-4deb-907f-6da4bce1ea18',0,'7207f14a-06e6-47ec-96fc-b3983c5a10c6','33','Gabriel Duarte',15,0,0,1,NULL,'2024-03-14 16:02:15'),('08dca24b-7efa-474d-8648-2c742dda1c8b','859fb385-f865-4deb-907f-6da4bce1ea18',0,'01cafd90-3f4d-4329-81bf-04957083f82b','30','Eduarda',15,0,0,1,NULL,'2024-03-14 17:52:30'),('08dca24b-7efa-4750-89f0-4c1194163198','859fb385-f865-4deb-907f-6da4bce1ea18',0,'6d3fdf36-0f5b-4ce6-a217-3a395f3cc534','22','Norberto Pinto',15,0,0,1,NULL,'2024-03-15 08:43:14'),('08dca24b-7efa-4753-87cb-0fbfc8c14bff','859fb385-f865-4deb-907f-6da4bce1ea18',0,'6d3fdf36-0f5b-4ce6-a217-3a395f3cc534','22','Norberto Pinto',15,0,0,1,NULL,'2024-03-15 08:56:50'),('08dca24b-7efa-4756-8683-0ef107384462','859fb385-f865-4deb-907f-6da4bce1ea18',0,'bf89b876-5262-45d8-a20f-ade89054b865','36','João Pedro',15,0,0,1,NULL,'2024-03-15 08:58:25'),('08dca24b-7efa-4759-8724-55cbf3179230','859fb385-f865-4deb-907f-6da4bce1ea18',0,'01cafd90-3f4d-4329-81bf-04957083f82b','30','Eduarda',15,0,0,1,NULL,'2024-03-15 09:01:00'),('08dca24b-7efa-475c-8654-e266a6d016ed','859fb385-f865-4deb-907f-6da4bce1ea18',0,'6d3fdf36-0f5b-4ce6-a217-3a395f3cc534','22','Norberto Pinto',15,0,0,1,NULL,'2024-03-15 09:40:33'),('08dca24b-7efa-475f-8942-394186c33df4','859fb385-f865-4deb-907f-6da4bce1ea18',0,'01cafd90-3f4d-4329-81bf-04957083f82b','30','Eduarda',15,0,0,1,NULL,'2024-03-15 12:54:57'),('08dca24b-7efa-4762-87c9-3a80b0cef1ac','859fb385-f865-4deb-907f-6da4bce1ea18',0,'bf89b876-5262-45d8-a20f-ade89054b865','36','João Pedro',15,0,0,1,NULL,'2024-03-15 12:55:30'),('08dca24b-7efa-4765-8852-fd378e33a948','859fb385-f865-4deb-907f-6da4bce1ea18',0,'bf89b876-5262-45d8-a20f-ade89054b865','36','João Pedro',15,0,0,1,NULL,'2024-03-15 13:55:33'),('08dca24b-7efa-4768-8b9f-bad75d1194eb','859fb385-f865-4deb-907f-6da4bce1ea18',0,'01cafd90-3f4d-4329-81bf-04957083f82b','30','Eduarda',15,0,0,1,NULL,'2024-03-15 13:56:22'),('08dca24b-7efa-476b-8a2b-d2dd74f36436','859fb385-f865-4deb-907f-6da4bce1ea18',0,'6d3fdf36-0f5b-4ce6-a217-3a395f3cc534','22','Norberto Pinto',15,0,0,1,NULL,'2024-03-15 17:41:00'),('08dca24b-7efa-476e-8c56-46d5b1bced25','859fb385-f865-4deb-907f-6da4bce1ea18',0,'6d3fdf36-0f5b-4ce6-a217-3a395f3cc534','22','Norberto Pinto',15,0,0,1,NULL,'2024-03-15 17:44:12'),('08dca24b-7efa-4771-891b-5884bc8c0f66','859fb385-f865-4deb-907f-6da4bce1ea18',0,'6d3fdf36-0f5b-4ce6-a217-3a395f3cc534','22','Norberto Pinto',15,0,0,1,NULL,'2024-03-15 17:51:07'),('08dca24b-7efa-4774-88af-6b3e5ba56402','859fb385-f865-4deb-907f-6da4bce1ea18',0,'6d3fdf36-0f5b-4ce6-a217-3a395f3cc534','22','Norberto Pinto',15,0,0,1,NULL,'2024-03-15 17:53:29'),('08dca24b-7efa-4777-87c4-2be0e26855de','859fb385-f865-4deb-907f-6da4bce1ea18',0,'6d3fdf36-0f5b-4ce6-a217-3a395f3cc534','22','Norberto Pinto',15,0,0,1,NULL,'2024-03-15 17:56:41'),('08dca24b-7efa-477a-8931-7cd0ac87d1fc','859fb385-f865-4deb-907f-6da4bce1ea18',0,'01cafd90-3f4d-4329-81bf-04957083f82b','30','Eduarda',15,0,0,1,NULL,'2024-03-15 17:58:29'),('08dca24b-7efa-477d-8814-6d29bea9bcd6','859fb385-f865-4deb-907f-6da4bce1ea18',0,'bf89b876-5262-45d8-a20f-ade89054b865','36','João Pedro',15,0,0,1,NULL,'2024-03-15 17:58:39'),('08dca24b-7efa-4780-8a7a-473cd6a23583','859fb385-f865-4deb-907f-6da4bce1ea18',0,'bf89b876-5262-45d8-a20f-ade89054b865','36','João Pedro',15,0,0,1,NULL,'2024-03-18 08:52:42'),('08dca24b-7efa-4783-8fcc-eef8f8470c85','859fb385-f865-4deb-907f-6da4bce1ea18',0,'6d3fdf36-0f5b-4ce6-a217-3a395f3cc534','22','Norberto Pinto',15,0,0,1,NULL,'2024-03-18 08:52:51'),('08dca24b-7efa-478c-8c28-3e1c5f6379f3','859fb385-f865-4deb-907f-6da4bce1ea18',0,'7207f14a-06e6-47ec-96fc-b3983c5a10c6','33','Gabriel Duarte',15,0,0,1,NULL,'2024-03-18 10:22:36'),('08dca24b-7efa-4798-8842-18f418593d2e','859fb385-f865-4deb-907f-6da4bce1ea18',0,'7207f14a-06e6-47ec-96fc-b3983c5a10c6','33','Gabriel Duarte',15,0,0,1,NULL,'2024-03-18 13:05:39'),('08dca24b-7efa-479b-8db8-c3b858492a17','859fb385-f865-4deb-907f-6da4bce1ea18',0,'bf89b876-5262-45d8-a20f-ade89054b865','36','João Pedro',15,0,0,1,NULL,'2024-03-18 13:05:53'),('08dca24b-7efa-47a4-8855-8117589d2caa','859fb385-f865-4deb-907f-6da4bce1ea18',0,'bf89b876-5262-45d8-a20f-ade89054b865','36','João Pedro',15,0,0,1,NULL,'2024-03-18 14:43:39'),('08dca24b-7efa-47ad-83b2-3f89576c71c3','859fb385-f865-4deb-907f-6da4bce1ea18',0,'bf89b876-5262-45d8-a20f-ade89054b865','36','João Pedro',15,0,0,1,NULL,'2024-03-18 18:33:12'),('08dca24b-7efa-47b0-81be-c77ac3d3203e','859fb385-f865-4deb-907f-6da4bce1ea18',0,'01cafd90-3f4d-4329-81bf-04957083f82b','30','Eduarda',15,0,0,1,NULL,'2024-03-19 09:14:14'),('08dca24b-7efa-47b3-8027-2fe34f3aa47f','859fb385-f865-4deb-907f-6da4bce1ea18',0,'bf89b876-5262-45d8-a20f-ade89054b865','36','João Pedro',15,0,0,1,NULL,'2024-03-19 09:14:20'),('08dca24b-7efa-47b6-8d7a-8ec772bbf160','859fb385-f865-4deb-907f-6da4bce1ea18',0,'7207f14a-06e6-47ec-96fc-b3983c5a10c6','33','Gabriel Duarte',15,0,0,1,NULL,'2024-03-19 09:58:32'),('08dca24b-7efa-47b9-8b80-edff36865e86','859fb385-f865-4deb-907f-6da4bce1ea18',0,'6d3fdf36-0f5b-4ce6-a217-3a395f3cc534','22','Norberto Pinto',15,0,0,1,NULL,'2024-03-19 11:09:59'),('08dca24b-7efa-47bc-8a74-23dd7388f3db','859fb385-f865-4deb-907f-6da4bce1ea18',0,'01cafd90-3f4d-4329-81bf-04957083f82b','30','Eduarda',15,0,0,1,NULL,'2024-03-19 12:24:27'),('08dca24b-7efa-47bf-8875-911f42b7c1b8','859fb385-f865-4deb-907f-6da4bce1ea18',0,'7207f14a-06e6-47ec-96fc-b3983c5a10c6','33','Gabriel Duarte',15,0,0,1,NULL,'2024-03-19 12:24:32'),('08dca24b-7efa-47c2-864e-619e0a6d4629','859fb385-f865-4deb-907f-6da4bce1ea18',0,'bf89b876-5262-45d8-a20f-ade89054b865','36','João Pedro',15,0,0,1,NULL,'2024-03-19 12:25:02'),('08dca24b-7efa-47c5-839f-68b1d807dcf0','859fb385-f865-4deb-907f-6da4bce1ea18',0,'bf89b876-5262-45d8-a20f-ade89054b865','36','João Pedro',15,0,0,1,NULL,'2024-03-19 14:01:19'),('08dca24b-7efa-47c8-8127-35ecdf2458a7','859fb385-f865-4deb-907f-6da4bce1ea18',0,'7207f14a-06e6-47ec-96fc-b3983c5a10c6','33','Gabriel Duarte',15,0,0,1,NULL,'2024-03-19 16:03:35'),('08dca24b-7efa-47ca-8f97-ee3af184079c','859fb385-f865-4deb-907f-6da4bce1ea18',0,'bf89b876-5262-45d8-a20f-ade89054b865','36','João Pedro',15,0,0,1,NULL,'2024-03-19 18:20:49'),('08dca24b-7efa-47ce-8983-3027d8892293','859fb385-f865-4deb-907f-6da4bce1ea18',0,'6d3fdf36-0f5b-4ce6-a217-3a395f3cc534','22','Norberto Pinto',15,0,0,1,NULL,'2024-03-20 08:40:54'),('08dca24b-7efa-47d1-897e-757aa7ae34ce','859fb385-f865-4deb-907f-6da4bce1ea18',0,'bf89b876-5262-45d8-a20f-ade89054b865','36','João Pedro',15,0,0,1,NULL,'2024-03-20 08:53:19'),('08dca24b-7efa-47d4-8b0d-6e4270e84987','859fb385-f865-4deb-907f-6da4bce1ea18',0,'01cafd90-3f4d-4329-81bf-04957083f82b','30','Eduarda',15,0,0,1,NULL,'2024-03-20 08:57:30'),('08dca24b-7efa-47d7-8b83-692f4c676a22','859fb385-f865-4deb-907f-6da4bce1ea18',0,'01cafd90-3f4d-4329-81bf-04957083f82b','30','Eduarda',15,0,0,1,NULL,'2024-03-20 12:39:54'),('08dca24b-7efa-47da-8ab3-b1f3bd1e8f04','859fb385-f865-4deb-907f-6da4bce1ea18',0,'bf89b876-5262-45d8-a20f-ade89054b865','36','João Pedro',15,0,0,1,NULL,'2024-03-20 12:50:42'),('08dca24b-7efa-47dd-89d8-ea251886c237','859fb385-f865-4deb-907f-6da4bce1ea18',0,'bf89b876-5262-45d8-a20f-ade89054b865','36','João Pedro',15,0,0,1,NULL,'2024-03-20 14:51:45'),('08dca24b-7efa-47e0-893b-bba3cc8a9a4f','859fb385-f865-4deb-907f-6da4bce1ea18',0,'bf89b876-5262-45d8-a20f-ade89054b865','36','João Pedro',15,0,0,1,NULL,'2024-03-20 18:26:36'),('08dca24b-7efa-47e3-891a-83898bef9dbb','859fb385-f865-4deb-907f-6da4bce1ea18',0,'6d3fdf36-0f5b-4ce6-a217-3a395f3cc534','22','Norberto Pinto',15,0,0,1,NULL,'2024-03-20 18:36:22'),('08dca24b-7efa-47e6-8ece-6fe8562ac574','859fb385-f865-4deb-907f-6da4bce1ea18',0,'01cafd90-3f4d-4329-81bf-04957083f82b','30','Eduarda',15,0,0,1,NULL,'2024-03-21 09:00:29'),('08dca24b-7efa-47e9-8ce3-1003db0adcfe','859fb385-f865-4deb-907f-6da4bce1ea18',0,'bf89b876-5262-45d8-a20f-ade89054b865','36','João Pedro',15,0,0,1,NULL,'2024-03-21 09:00:31'),('08dca24b-7efa-47ef-8e4b-1df91047888e','859fb385-f865-4deb-907f-6da4bce1ea18',0,'6d3fdf36-0f5b-4ce6-a217-3a395f3cc534','22','Norberto Pinto',15,0,0,1,NULL,'2024-03-21 09:08:12'),('08dca24b-7efa-47f2-8c34-9a2eaa232dc4','859fb385-f865-4deb-907f-6da4bce1ea18',0,'7207f14a-06e6-47ec-96fc-b3983c5a10c6','33','Gabriel Duarte',15,0,0,1,NULL,'2024-03-21 12:51:22'),('08dca24b-7efa-47f5-8d3f-7f4e45ff6af7','859fb385-f865-4deb-907f-6da4bce1ea18',0,'bf89b876-5262-45d8-a20f-ade89054b865','36','João Pedro',15,0,0,1,NULL,'2024-03-21 12:51:48'),('08dca24b-7efa-47f8-8efe-be0fca70340a','859fb385-f865-4deb-907f-6da4bce1ea18',0,'01cafd90-3f4d-4329-81bf-04957083f82b','30','Eduarda',15,0,0,1,NULL,'2024-03-21 12:58:34'),('08dca24b-7efa-47fe-8c39-05986315c831','859fb385-f865-4deb-907f-6da4bce1ea18',0,'01cafd90-3f4d-4329-81bf-04957083f82b','30','Eduarda',15,0,0,1,NULL,'2024-03-21 14:10:55'),('08dca24b-7efa-4802-846a-d87fc039df93','859fb385-f865-4deb-907f-6da4bce1ea18',0,'bf89b876-5262-45d8-a20f-ade89054b865','36','João Pedro',15,0,0,1,NULL,'2024-03-21 14:45:22'),('08dca24b-7efa-4805-84ed-996440cb1b29','859fb385-f865-4deb-907f-6da4bce1ea18',0,'7207f14a-06e6-47ec-96fc-b3983c5a10c6','33','Gabriel Duarte',15,0,0,1,NULL,'2024-03-21 17:38:23'),('08dca24b-7efa-4808-8463-1ece4dc8a1a0','859fb385-f865-4deb-907f-6da4bce1ea18',0,'01cafd90-3f4d-4329-81bf-04957083f82b','30','Eduarda',15,0,0,1,NULL,'2024-03-21 17:52:28'),('08dca24b-7efa-480b-849f-9c66fac45f91','859fb385-f865-4deb-907f-6da4bce1ea18',0,'bf89b876-5262-45d8-a20f-ade89054b865','36','João Pedro',15,0,0,1,NULL,'2024-03-21 18:23:39'),('08dca24b-7efa-480e-817a-9c0c4329cb18','859fb385-f865-4deb-907f-6da4bce1ea18',0,'6d3fdf36-0f5b-4ce6-a217-3a395f3cc534','22','Norberto Pinto',15,0,0,1,NULL,'2024-03-21 18:34:25'),('08dca24b-7efa-4811-8036-5a571f8f22aa','859fb385-f865-4deb-907f-6da4bce1ea18',0,'01cafd90-3f4d-4329-81bf-04957083f82b','30','Eduarda',15,0,0,1,NULL,'2024-03-22 09:00:38'),('08dca24b-7efa-4813-8de5-ccf587e9a196','859fb385-f865-4deb-907f-6da4bce1ea18',0,'bf89b876-5262-45d8-a20f-ade89054b865','36','João Pedro',15,0,0,1,NULL,'2024-03-22 09:01:18'),('08dca24b-7efa-481a-830a-c760f1960e5c','859fb385-f865-4deb-907f-6da4bce1ea18',0,'bf89b876-5262-45d8-a20f-ade89054b865','36','João Pedro',15,0,0,1,NULL,'2024-03-22 12:47:09'),('08dca24b-7efa-481d-86ff-3a7c65485bc4','859fb385-f865-4deb-907f-6da4bce1ea18',0,'01cafd90-3f4d-4329-81bf-04957083f82b','30','Eduarda',15,0,0,1,NULL,'2024-03-22 12:58:45'),('08dca24b-7efa-4823-85a7-57a0c856a203','859fb385-f865-4deb-907f-6da4bce1ea18',0,'01cafd90-3f4d-4329-81bf-04957083f82b','30','Eduarda',15,0,0,1,NULL,'2024-03-22 14:01:59'),('08dca24b-7efa-4826-84db-b65c0b7fb495','859fb385-f865-4deb-907f-6da4bce1ea18',0,'bf89b876-5262-45d8-a20f-ade89054b865','36','João Pedro',15,0,0,1,NULL,'2024-03-22 14:32:20'),('08dca24b-7efa-4829-8493-0431925060e6','859fb385-f865-4deb-907f-6da4bce1ea18',0,'01cafd90-3f4d-4329-81bf-04957083f82b','30','Eduarda',15,0,0,1,NULL,'2024-03-22 18:01:36'),('08dca24b-7efa-482c-84ec-381fcba52cc7','859fb385-f865-4deb-907f-6da4bce1ea18',0,'bf89b876-5262-45d8-a20f-ade89054b865','36','João Pedro',15,0,0,1,NULL,'2024-03-22 18:20:57'),('08dca24b-7efa-482f-83d6-a0a2891dd9f4','859fb385-f865-4deb-907f-6da4bce1ea18',0,'6d3fdf36-0f5b-4ce6-a217-3a395f3cc534','22','Norberto Pinto',15,0,0,1,NULL,'2024-03-22 19:50:57'),('08dca24b-7efa-4835-8a34-d2f3df297f7a','859fb385-f865-4deb-907f-6da4bce1ea18',0,'bf89b876-5262-45d8-a20f-ade89054b865','36','João Pedro',15,0,0,1,NULL,'2024-03-25 09:06:51'),('08dca24b-7efa-4838-89a7-d44904400309','859fb385-f865-4deb-907f-6da4bce1ea18',0,'6d3fdf36-0f5b-4ce6-a217-3a395f3cc534','22','Norberto Pinto',15,0,0,1,NULL,'2024-03-25 09:06:55'),('08dca24b-7efa-483b-8703-99ee170034aa','859fb385-f865-4deb-907f-6da4bce1ea18',0,'bf89b876-5262-45d8-a20f-ade89054b865','36','João Pedro',15,0,0,1,NULL,'2024-03-25 12:45:22'),('08dca24b-7efa-4845-8009-cfbd5b013deb','859fb385-f865-4deb-907f-6da4bce1ea18',0,'bf89b876-5262-45d8-a20f-ade89054b865','36','João Pedro',15,0,0,1,NULL,'2024-03-25 14:31:33'),('08dca24b-7efa-484b-87ab-feccb15a25b6','859fb385-f865-4deb-907f-6da4bce1ea18',0,'6d3fdf36-0f5b-4ce6-a217-3a395f3cc534','22','Norberto Pinto',15,0,0,1,NULL,'2024-03-25 18:05:54'),('08dca24b-7efa-484e-8d0a-4cec8996029b','859fb385-f865-4deb-907f-6da4bce1ea18',0,'bf89b876-5262-45d8-a20f-ade89054b865','36','João Pedro',15,0,0,1,NULL,'2024-03-25 18:06:04'),('08dca24b-7efa-4854-8c53-f584a5be640e','859fb385-f865-4deb-907f-6da4bce1ea18',0,'bf89b876-5262-45d8-a20f-ade89054b865','36','João Pedro',15,0,0,1,NULL,'2024-03-26 09:13:12'),('08dca24b-7efa-4857-8e33-dab6c238ceb7','859fb385-f865-4deb-907f-6da4bce1ea18',0,'6d3fdf36-0f5b-4ce6-a217-3a395f3cc534','22','Norberto Pinto',15,0,0,1,NULL,'2024-03-26 09:13:36'),('08dca24b-7efa-485b-8028-5d5552eff141','859fb385-f865-4deb-907f-6da4bce1ea18',0,'7207f14a-06e6-47ec-96fc-b3983c5a10c6','33','Gabriel Duarte',15,0,0,1,NULL,'2024-03-26 12:59:55'),('08dca24b-7efa-485e-8660-6b55a93c97a4','859fb385-f865-4deb-907f-6da4bce1ea18',0,'bf89b876-5262-45d8-a20f-ade89054b865','36','João Pedro',15,0,0,1,NULL,'2024-03-26 13:01:52'),('08dca24b-7efa-4864-84da-bb657f964345','859fb385-f865-4deb-907f-6da4bce1ea18',0,'01cafd90-3f4d-4329-81bf-04957083f82b','30','Eduarda',15,0,0,1,NULL,'2024-03-26 14:00:36'),('08dca24b-7efa-486a-8c98-4bc3f8fe800e','859fb385-f865-4deb-907f-6da4bce1ea18',0,'7207f14a-06e6-47ec-96fc-b3983c5a10c6','33','Gabriel Duarte',15,0,0,1,NULL,'2024-03-26 14:37:50'),('08dca24b-7efa-486d-8bd9-2a318a375126','859fb385-f865-4deb-907f-6da4bce1ea18',0,'bf89b876-5262-45d8-a20f-ade89054b865','36','João Pedro',15,0,0,1,NULL,'2024-03-26 14:46:20'),('08dca24b-7efa-4870-887c-6d7452eb9832','859fb385-f865-4deb-907f-6da4bce1ea18',0,'7207f14a-06e6-47ec-96fc-b3983c5a10c6','33','Gabriel Duarte',15,0,0,1,NULL,'2024-03-26 16:56:11'),('08dca24b-7efa-4876-89ff-e0805004bd4b','859fb385-f865-4deb-907f-6da4bce1ea18',0,'01cafd90-3f4d-4329-81bf-04957083f82b','30','Eduarda',15,0,0,1,NULL,'2024-03-26 18:03:30'),('08dca24b-7efa-4879-8a1c-b174762804f0','859fb385-f865-4deb-907f-6da4bce1ea18',0,'bf89b876-5262-45d8-a20f-ade89054b865','36','João Pedro',15,0,0,1,NULL,'2024-03-26 18:23:12'),('08dca24b-7efa-487c-8a99-51fa5b3a88e9','859fb385-f865-4deb-907f-6da4bce1ea18',0,'6d3fdf36-0f5b-4ce6-a217-3a395f3cc534','22','Norberto Pinto',15,0,0,1,NULL,'2024-03-27 09:09:08'),('08dca24b-7efa-487f-88e7-812fe7aa6113','859fb385-f865-4deb-907f-6da4bce1ea18',0,'01cafd90-3f4d-4329-81bf-04957083f82b','30','Eduarda',15,0,0,1,NULL,'2024-03-27 09:25:58'),('08dca24b-7efa-4882-8fc7-dee979b92f66','859fb385-f865-4deb-907f-6da4bce1ea18',0,'01cafd90-3f4d-4329-81bf-04957083f82b','30','Eduarda',15,0,0,1,NULL,'2024-03-27 12:57:21'),('08dca24b-7efa-4885-8e93-896f9c85fd2f','859fb385-f865-4deb-907f-6da4bce1ea18',0,'bf89b876-5262-45d8-a20f-ade89054b865','36','João Pedro',15,0,0,1,NULL,'2024-03-27 12:59:39'),('08dca24b-7efa-4888-8be1-26b0be24b929','859fb385-f865-4deb-907f-6da4bce1ea18',0,'01cafd90-3f4d-4329-81bf-04957083f82b','30','Eduarda',15,0,0,1,NULL,'2024-03-27 13:58:27'),('08dca24b-7efa-488b-895b-71268ae43c4b','859fb385-f865-4deb-907f-6da4bce1ea18',0,'bf89b876-5262-45d8-a20f-ade89054b865','36','João Pedro',15,0,0,1,NULL,'2024-03-27 18:00:13'),('08dca24b-7efa-488e-86c7-9b6d42b40526','859fb385-f865-4deb-907f-6da4bce1ea18',0,'01cafd90-3f4d-4329-81bf-04957083f82b','30','Eduarda',15,0,0,1,NULL,'2024-03-27 18:02:47'),('08dca24b-7efa-4891-854b-1a1b8a25a374','859fb385-f865-4deb-907f-6da4bce1ea18',0,'6d3fdf36-0f5b-4ce6-a217-3a395f3cc534','22','Norberto Pinto',15,0,0,1,NULL,'2024-03-27 18:19:59'),('08dca24b-7efa-4894-8397-80d1fe1f93b1','859fb385-f865-4deb-907f-6da4bce1ea18',0,'6d3fdf36-0f5b-4ce6-a217-3a395f3cc534','22','Norberto Pinto',15,0,0,1,NULL,'2024-03-28 08:27:31'),('08dca24b-7efa-4897-8463-08d6b49ea308','859fb385-f865-4deb-907f-6da4bce1ea18',0,'bf89b876-5262-45d8-a20f-ade89054b865','36','João Pedro',15,0,0,1,NULL,'2024-03-28 09:01:12'),('08dca24b-7efa-489a-8869-a017353aae0d','859fb385-f865-4deb-907f-6da4bce1ea18',0,'bf89b876-5262-45d8-a20f-ade89054b865','36','João Pedro',15,0,0,1,NULL,'2024-03-28 12:45:51'),('08dca24b-7efa-489d-878b-69eff34e1eb5','859fb385-f865-4deb-907f-6da4bce1ea18',0,'bf89b876-5262-45d8-a20f-ade89054b865','36','João Pedro',15,0,0,1,NULL,'2024-03-28 14:31:54'),('08dca24b-7efa-48a0-846c-f5da6018427c','859fb385-f865-4deb-907f-6da4bce1ea18',0,'7207f14a-06e6-47ec-96fc-b3983c5a10c6','33','Gabriel Duarte',15,0,0,1,NULL,'2024-03-28 17:40:55'),('08dca24b-7efa-48a3-8687-74b18bfa0d83','859fb385-f865-4deb-907f-6da4bce1ea18',0,'bf89b876-5262-45d8-a20f-ade89054b865','36','João Pedro',15,0,0,1,NULL,'2024-03-28 17:43:13'),('08dca24b-7efa-48b5-8d3e-269d3188a4e2','859fb385-f865-4deb-907f-6da4bce1ea18',0,'01cafd90-3f4d-4329-81bf-04957083f82b','30','Eduarda',15,0,0,1,NULL,'2024-04-02 09:43:29'),('08dca24b-7efa-48b8-8b12-60c28415b53b','859fb385-f865-4deb-907f-6da4bce1ea18',0,'01cafd90-3f4d-4329-81bf-04957083f82b','30','Eduarda',15,0,0,1,NULL,'2024-04-02 11:43:00'),('08dca24b-7efa-48c4-8cf6-f3d56ae9c3aa','859fb385-f865-4deb-907f-6da4bce1ea18',0,'bf89b876-5262-45d8-a20f-ade89054b865','36','João Pedro',15,0,0,1,NULL,'2024-04-03 08:02:53'),('08dca24b-7efa-48c7-8c8a-55b9db89c910','859fb385-f865-4deb-907f-6da4bce1ea18',0,'01cafd90-3f4d-4329-81bf-04957083f82b','30','Eduarda',15,0,0,1,NULL,'2024-04-03 08:03:42'),('08dca24b-7efa-48ca-8d3b-ac6cca043ccd','859fb385-f865-4deb-907f-6da4bce1ea18',0,'bf89b876-5262-45d8-a20f-ade89054b865','36','João Pedro',15,0,0,1,NULL,'2024-04-03 11:30:50'),('08dca24b-7efa-48ce-857e-0a188e1f9bde','859fb385-f865-4deb-907f-6da4bce1ea18',0,'01cafd90-3f4d-4329-81bf-04957083f82b','30','Eduarda',15,0,0,1,NULL,'2024-04-03 11:37:52'),('08dca24b-7efa-48d1-86e5-af5d1900b7fe','859fb385-f865-4deb-907f-6da4bce1ea18',0,'bf89b876-5262-45d8-a20f-ade89054b865','36','João Pedro',15,0,0,1,NULL,'2024-04-03 12:59:58'),('08dca24b-7efa-48d4-85e3-ea7102a17af5','859fb385-f865-4deb-907f-6da4bce1ea18',0,'bf89b876-5262-45d8-a20f-ade89054b865','36','João Pedro',15,0,0,1,NULL,'2024-04-03 17:10:59'),('08dca24b-7efa-48d7-85bf-73cd00dd4d1f','859fb385-f865-4deb-907f-6da4bce1ea18',0,'01cafd90-3f4d-4329-81bf-04957083f82b','30','Eduarda',15,0,0,1,NULL,'2024-04-04 08:38:45'),('08dca24b-7efa-48da-851c-4c0516014ff3','859fb385-f865-4deb-907f-6da4bce1ea18',0,'bf89b876-5262-45d8-a20f-ade89054b865','36','João Pedro',15,0,0,1,NULL,'2024-04-04 08:38:48'),('08dca24b-7efa-48dd-83f7-db678ae9721c','859fb385-f865-4deb-907f-6da4bce1ea18',0,'6d3fdf36-0f5b-4ce6-a217-3a395f3cc534','22','Norberto Pinto',15,0,0,1,NULL,'2024-04-04 09:04:23'),('08dca24b-7efa-48e0-8577-0f39a4030ab9','859fb385-f865-4deb-907f-6da4bce1ea18',0,'bf89b876-5262-45d8-a20f-ade89054b865','36','João Pedro',15,0,0,1,NULL,'2024-04-04 11:54:36'),('08dca24b-7efa-48e3-8456-653481798a51','859fb385-f865-4deb-907f-6da4bce1ea18',0,'01cafd90-3f4d-4329-81bf-04957083f82b','30','Eduarda',15,0,0,1,NULL,'2024-04-04 12:03:05'),('08dca24b-7efa-48e6-8b9f-abeddf02986c','859fb385-f865-4deb-907f-6da4bce1ea18',0,'01cafd90-3f4d-4329-81bf-04957083f82b','30','Eduarda',15,0,0,1,NULL,'2024-04-04 13:03:05'),('08dca24b-7efa-48e9-8a95-ac084cbafb9b','859fb385-f865-4deb-907f-6da4bce1ea18',0,'bf89b876-5262-45d8-a20f-ade89054b865','36','João Pedro',15,0,0,1,NULL,'2024-04-04 13:44:25'),('08dca24b-7efa-48ec-8a60-eb1a04ec0626','859fb385-f865-4deb-907f-6da4bce1ea18',0,'01cafd90-3f4d-4329-81bf-04957083f82b','30','Eduarda',15,0,0,1,NULL,'2024-04-04 16:48:11'),('08dca24b-7efa-48ef-8d57-25a642cc0289','859fb385-f865-4deb-907f-6da4bce1ea18',0,'bf89b876-5262-45d8-a20f-ade89054b865','36','João Pedro',15,0,0,1,NULL,'2024-04-04 17:16:00'),('08dca24b-7efa-48f2-8cda-6d95e14b6dbb','859fb385-f865-4deb-907f-6da4bce1ea18',0,'01cafd90-3f4d-4329-81bf-04957083f82b','30','Eduarda',15,0,0,1,NULL,'2024-04-05 08:24:43'),('08dca24b-7efa-48f5-893c-f591810769fa','859fb385-f865-4deb-907f-6da4bce1ea18',0,'bf89b876-5262-45d8-a20f-ade89054b865','36','João Pedro',15,0,0,1,NULL,'2024-04-05 08:33:12'),('08dca24b-7efa-48f8-88cf-a9b83e26bd9a','859fb385-f865-4deb-907f-6da4bce1ea18',0,'7207f14a-06e6-47ec-96fc-b3983c5a10c6','33','Gabriel Duarte',15,0,0,1,NULL,'2024-04-05 11:55:36'),('08dca24b-7efa-48fb-8774-66c6ae7ccd0e','859fb385-f865-4deb-907f-6da4bce1ea18',0,'bf89b876-5262-45d8-a20f-ade89054b865','36','João Pedro',15,0,0,1,NULL,'2024-04-05 11:57:45'),('08dca24b-7efa-48fe-8580-a2866e3503bb','859fb385-f865-4deb-907f-6da4bce1ea18',0,'01cafd90-3f4d-4329-81bf-04957083f82b','30','Eduarda',15,0,0,1,NULL,'2024-04-05 11:57:48'),('08dca24b-7efa-4901-8ece-82414ee0534a','859fb385-f865-4deb-907f-6da4bce1ea18',0,'01cafd90-3f4d-4329-81bf-04957083f82b','30','Eduarda',15,0,0,1,NULL,'2024-04-05 12:36:31'),('08dca24b-7efa-4904-8ff9-48dbe377a559','859fb385-f865-4deb-907f-6da4bce1ea18',0,'bf89b876-5262-45d8-a20f-ade89054b865','36','João Pedro',15,0,0,1,NULL,'2024-04-05 13:44:18'),('08dca24b-7efa-4907-8dd8-6149a486bccb','859fb385-f865-4deb-907f-6da4bce1ea18',0,'7207f14a-06e6-47ec-96fc-b3983c5a10c6','33','Gabriel Duarte',15,0,0,1,NULL,'2024-04-05 13:52:52'),('08dca24b-7efa-490a-8c09-cd5f01886fd1','859fb385-f865-4deb-907f-6da4bce1ea18',0,'7207f14a-06e6-47ec-96fc-b3983c5a10c6','33','Gabriel Duarte',15,0,0,1,NULL,'2024-04-05 16:58:19'),('08dca24b-7efa-490d-8ab8-c5e8761f36b2','859fb385-f865-4deb-907f-6da4bce1ea18',0,'01cafd90-3f4d-4329-81bf-04957083f82b','30','Eduarda',15,0,0,1,NULL,'2024-04-05 16:58:43'),('08dca24b-7efa-4910-8adb-51002c44b63b','859fb385-f865-4deb-907f-6da4bce1ea18',0,'bf89b876-5262-45d8-a20f-ade89054b865','36','João Pedro',15,0,0,1,NULL,'2024-04-05 17:09:21'),('08dca24b-7efa-4922-8789-9f2d3fbf059e','859fb385-f865-4deb-907f-6da4bce1ea18',0,'01cafd90-3f4d-4329-81bf-04957083f82b','30','Eduarda',15,0,0,1,NULL,'2024-04-09 09:00:31'),('08dca24b-7efa-4925-863a-6e73230892b9','859fb385-f865-4deb-907f-6da4bce1ea18',0,'7207f14a-06e6-47ec-96fc-b3983c5a10c6','33','Gabriel Duarte',15,0,0,1,NULL,'2024-04-09 09:07:08'),('08dca24b-7efa-4928-85fe-a5320a95ce57','859fb385-f865-4deb-907f-6da4bce1ea18',0,'7207f14a-06e6-47ec-96fc-b3983c5a10c6','33','Gabriel Duarte',15,0,0,1,NULL,'2024-04-09 11:20:32'),('08dca24b-7efa-492b-84e1-35930403d9eb','859fb385-f865-4deb-907f-6da4bce1ea18',0,'01cafd90-3f4d-4329-81bf-04957083f82b','30','Eduarda',15,0,0,1,NULL,'2024-04-09 11:29:16'),('08dca24b-7efa-4934-8f71-8ef3505e1cb5','859fb385-f865-4deb-907f-6da4bce1ea18',0,'7207f14a-06e6-47ec-96fc-b3983c5a10c6','33','Gabriel Duarte',15,0,0,1,NULL,'2024-04-09 12:58:45'),('08dca24b-7efa-4937-8f90-fd19a50f2cac','859fb385-f865-4deb-907f-6da4bce1ea18',0,'7207f14a-06e6-47ec-96fc-b3983c5a10c6','33','Gabriel Duarte',15,0,0,1,NULL,'2024-04-09 15:22:22'),('08dca24b-7efa-493b-8035-1e79bda30fd3','859fb385-f865-4deb-907f-6da4bce1ea18',0,'7207f14a-06e6-47ec-96fc-b3983c5a10c6','33','Gabriel Duarte',15,0,0,1,NULL,'2024-04-09 16:24:05'),('08dca24b-7efa-4940-8db7-1d92567e0a38','859fb385-f865-4deb-907f-6da4bce1ea18',0,'bf89b876-5262-45d8-a20f-ade89054b865','36','João Pedro',15,0,0,1,NULL,'2024-04-10 08:18:15'),('08dca24b-7efa-4943-8c28-81057194d597','859fb385-f865-4deb-907f-6da4bce1ea18',0,'01cafd90-3f4d-4329-81bf-04957083f82b','30','Eduarda',15,0,0,1,NULL,'2024-04-10 08:20:37'),('08dca24b-7efa-4946-8a00-ee3649f84d74','859fb385-f865-4deb-907f-6da4bce1ea18',0,'7207f14a-06e6-47ec-96fc-b3983c5a10c6','33','Gabriel Duarte',15,0,0,1,NULL,'2024-04-10 08:34:11'),('08dca24b-7efa-4949-88c4-e0cbe6dfaaed','859fb385-f865-4deb-907f-6da4bce1ea18',0,'7207f14a-06e6-47ec-96fc-b3983c5a10c6','33','Gabriel Duarte',15,0,0,1,NULL,'2024-04-10 09:06:57'),('08dca24b-7efa-494d-8160-587586bd1303','859fb385-f865-4deb-907f-6da4bce1ea18',0,'bf89b876-5262-45d8-a20f-ade89054b865','36','João Pedro',15,0,0,1,NULL,'2024-04-10 11:51:11'),('08dca24b-7efa-4950-8083-8bf4fbb6ac85','859fb385-f865-4deb-907f-6da4bce1ea18',0,'01cafd90-3f4d-4329-81bf-04957083f82b','30','Eduarda',15,0,0,1,NULL,'2024-04-10 11:59:04'),('08dca24b-7efa-4953-83db-49abd3c3dde6','859fb385-f865-4deb-907f-6da4bce1ea18',0,'bf89b876-5262-45d8-a20f-ade89054b865','36','João Pedro',15,0,0,1,NULL,'2024-04-10 13:47:12'),('08dca24b-7efa-4956-8081-1c4b42179b32','859fb385-f865-4deb-907f-6da4bce1ea18',0,'7207f14a-06e6-47ec-96fc-b3983c5a10c6','33','Gabriel Duarte',15,0,0,1,NULL,'2024-04-10 16:48:46'),('08dca24b-7efa-4958-8f6f-a6409ca92922','859fb385-f865-4deb-907f-6da4bce1ea18',0,'bf89b876-5262-45d8-a20f-ade89054b865','36','João Pedro',15,0,0,1,NULL,'2024-04-10 17:06:59'),('08dca24b-7efa-495c-805e-30688ac922b5','859fb385-f865-4deb-907f-6da4bce1ea18',0,'bf89b876-5262-45d8-a20f-ade89054b865','36','João Pedro',15,0,0,1,NULL,'2024-04-11 08:02:16'),('08dca24b-7efa-495e-8ff4-c0d0d6d4bb50','859fb385-f865-4deb-907f-6da4bce1ea18',0,'01cafd90-3f4d-4329-81bf-04957083f82b','30','Eduarda',15,0,0,1,NULL,'2024-04-11 08:08:36'),('08dca24b-7efa-4961-8c2d-5603fef66679','859fb385-f865-4deb-907f-6da4bce1ea18',0,'01cafd90-3f4d-4329-81bf-04957083f82b','30','Eduarda',15,0,0,1,NULL,'2024-04-11 11:50:48'),('08dca24b-7efa-4965-8d58-65cfa5088052','859fb385-f865-4deb-907f-6da4bce1ea18',0,'bf89b876-5262-45d8-a20f-ade89054b865','36','João Pedro',15,0,0,1,NULL,'2024-04-11 11:54:27'),('08dca24b-7efa-4969-801f-fb46bec827bc','859fb385-f865-4deb-907f-6da4bce1ea18',0,'01cafd90-3f4d-4329-81bf-04957083f82b','30','Eduarda',15,0,0,1,NULL,'2024-04-11 12:39:12'),('08dca24b-7efa-496b-8f1f-6d244459655a','859fb385-f865-4deb-907f-6da4bce1ea18',0,'bf89b876-5262-45d8-a20f-ade89054b865','36','João Pedro',15,0,0,1,NULL,'2024-04-11 13:40:34'),('08dca24b-7efa-496f-8151-96066761352a','859fb385-f865-4deb-907f-6da4bce1ea18',0,'01cafd90-3f4d-4329-81bf-04957083f82b','30','Eduarda',15,0,0,1,NULL,'2024-04-11 16:47:01'),('08dca24b-7efa-4972-83f9-36815a33477c','859fb385-f865-4deb-907f-6da4bce1ea18',0,'bf89b876-5262-45d8-a20f-ade89054b865','36','João Pedro',15,0,0,1,NULL,'2024-04-11 16:52:54'),('08dca24b-7efa-4975-89c5-1def4b3b406b','859fb385-f865-4deb-907f-6da4bce1ea18',0,'bf89b876-5262-45d8-a20f-ade89054b865','36','João Pedro',15,0,0,1,NULL,'2024-04-12 08:03:02'),('08dca24b-7efa-4979-8191-6ee473a36535','859fb385-f865-4deb-907f-6da4bce1ea18',0,'01cafd90-3f4d-4329-81bf-04957083f82b','30','Eduarda',15,0,0,1,NULL,'2024-04-12 08:23:01'),('08dca24b-7efa-497c-857b-fa15a7e52613','859fb385-f865-4deb-907f-6da4bce1ea18',0,'7207f14a-06e6-47ec-96fc-b3983c5a10c6','33','Gabriel Duarte',15,0,0,1,NULL,'2024-04-12 08:39:52'),('08dca24b-7efa-497f-8814-4033df60279b','859fb385-f865-4deb-907f-6da4bce1ea18',0,'7207f14a-06e6-47ec-96fc-b3983c5a10c6','33','Gabriel Duarte',15,0,0,1,NULL,'2024-04-12 11:38:40'),('08dca24b-7efa-4983-8086-4f492a82fc11','859fb385-f865-4deb-907f-6da4bce1ea18',0,'01cafd90-3f4d-4329-81bf-04957083f82b','30','Eduarda',15,0,0,1,NULL,'2024-04-12 11:48:00'),('08dca24b-7efa-4986-82f5-97f43064f17d','859fb385-f865-4deb-907f-6da4bce1ea18',0,'bf89b876-5262-45d8-a20f-ade89054b865','36','João Pedro',15,0,0,1,NULL,'2024-04-12 11:52:48'),('08dca24b-7efa-4989-8330-4355b000724d','859fb385-f865-4deb-907f-6da4bce1ea18',0,'01cafd90-3f4d-4329-81bf-04957083f82b','30','Eduarda',15,0,0,1,NULL,'2024-04-12 13:07:44'),('08dca24b-7efa-498c-86dd-85aef74eafb4','859fb385-f865-4deb-907f-6da4bce1ea18',0,'bf89b876-5262-45d8-a20f-ade89054b865','36','João Pedro',15,0,0,1,NULL,'2024-04-12 13:43:54'),('08dca24b-7efa-498f-8735-5100b01b044f','859fb385-f865-4deb-907f-6da4bce1ea18',0,'01cafd90-3f4d-4329-81bf-04957083f82b','30','Eduarda',15,0,0,1,NULL,'2024-04-12 15:35:24'),('08dca24b-7efa-4992-89b0-71abd0dd3749','859fb385-f865-4deb-907f-6da4bce1ea18',0,'bf89b876-5262-45d8-a20f-ade89054b865','36','João Pedro',15,0,0,1,NULL,'2024-04-12 16:09:07'),('08dca24b-7efa-49a2-8c37-7f60f7ed761a','859fb385-f865-4deb-907f-6da4bce1ea18',0,'01cafd90-3f4d-4329-81bf-04957083f82b','30','Eduarda',15,0,0,1,NULL,'2024-04-16 08:14:05'),('08dca24b-7efa-49a9-86e6-9fb6ad7fba8a','859fb385-f865-4deb-907f-6da4bce1ea18',0,'7207f14a-06e6-47ec-96fc-b3983c5a10c6','33','Gabriel Duarte',15,0,0,1,NULL,'2024-04-16 08:58:38'),('08dca24b-7efa-49ac-8ac3-1bc293252d86','859fb385-f865-4deb-907f-6da4bce1ea18',0,'7207f14a-06e6-47ec-96fc-b3983c5a10c6','33','Gabriel Duarte',15,0,0,1,NULL,'2024-04-16 11:16:47'),('08dca24b-7efa-49b0-8160-f95c63ab513c','859fb385-f865-4deb-907f-6da4bce1ea18',0,'01cafd90-3f4d-4329-81bf-04957083f82b','30','Eduarda',15,0,0,1,NULL,'2024-04-16 11:46:21'),('08dca24b-7efa-49b6-877c-1de49952059a','859fb385-f865-4deb-907f-6da4bce1ea18',0,'7207f14a-06e6-47ec-96fc-b3983c5a10c6','33','Gabriel Duarte',15,0,0,1,NULL,'2024-04-16 13:03:58'),('08dca24b-7efa-49bd-8a50-8d9f16d7cf1a','859fb385-f865-4deb-907f-6da4bce1ea18',0,'7207f14a-06e6-47ec-96fc-b3983c5a10c6','33','Gabriel Duarte',15,0,0,1,NULL,'2024-04-16 14:03:35'),('08dca24b-7efa-49c0-8a3e-ebfbfc7d7c10','859fb385-f865-4deb-907f-6da4bce1ea18',0,'7207f14a-06e6-47ec-96fc-b3983c5a10c6','33','Gabriel Duarte',15,0,0,1,NULL,'2024-04-16 14:38:58'),('08dca24b-7efa-49c3-8a19-949c90f4b01a','859fb385-f865-4deb-907f-6da4bce1ea18',0,'7207f14a-06e6-47ec-96fc-b3983c5a10c6','33','Gabriel Duarte',15,0,0,1,NULL,'2024-04-16 14:52:39'),('08dca24b-7efa-49c6-89f3-0d14224a892b','859fb385-f865-4deb-907f-6da4bce1ea18',0,'7207f14a-06e6-47ec-96fc-b3983c5a10c6','33','Gabriel Duarte',15,0,0,1,NULL,'2024-04-16 15:10:55'),('08dca24b-7efa-49cc-8972-4e18389d2d67','859fb385-f865-4deb-907f-6da4bce1ea18',0,'01cafd90-3f4d-4329-81bf-04957083f82b','30','Eduarda',15,0,0,1,NULL,'2024-04-17 08:05:51'),('08dca24b-7efa-49cf-880b-fad81665a170','859fb385-f865-4deb-907f-6da4bce1ea18',0,'01cafd90-3f4d-4329-81bf-04957083f82b','30','Eduarda',15,0,0,1,NULL,'2024-04-17 11:57:09'),('08dca24b-7efa-49d2-8ecc-fbb7775833c4','859fb385-f865-4deb-907f-6da4bce1ea18',0,'01cafd90-3f4d-4329-81bf-04957083f82b','30','Eduarda',15,0,0,1,NULL,'2024-04-18 08:14:14'),('08dca24b-7efa-49d5-8de1-b6979ab51fe6','859fb385-f865-4deb-907f-6da4bce1ea18',0,'bf89b876-5262-45d8-a20f-ade89054b865','36','João Pedro',15,0,0,1,NULL,'2024-04-18 08:14:18'),('08dca24b-7efa-49d8-8c93-12200fa5fbfa','859fb385-f865-4deb-907f-6da4bce1ea18',0,'7207f14a-06e6-47ec-96fc-b3983c5a10c6','33','Gabriel Duarte',15,0,0,1,NULL,'2024-04-18 08:52:49'),('08dca24b-7efa-49db-8f9d-96441ec8e8ec','859fb385-f865-4deb-907f-6da4bce1ea18',0,'bf89b876-5262-45d8-a20f-ade89054b865','36','João Pedro',15,0,0,1,NULL,'2024-04-18 11:38:35'),('08dca24b-7efa-49df-8325-5b99f291cd6f','859fb385-f865-4deb-907f-6da4bce1ea18',0,'01cafd90-3f4d-4329-81bf-04957083f82b','30','Eduarda',15,0,0,1,NULL,'2024-04-18 11:56:06'),('08dca24b-7efa-49e2-8187-634bb5c51253','859fb385-f865-4deb-907f-6da4bce1ea18',0,'01cafd90-3f4d-4329-81bf-04957083f82b','30','Eduarda',15,0,0,1,NULL,'2024-04-18 12:32:31'),('08dca24b-7efa-49e4-8ecb-5a6e0bc8359f','859fb385-f865-4deb-907f-6da4bce1ea18',0,'bf89b876-5262-45d8-a20f-ade89054b865','36','João Pedro',15,0,0,1,NULL,'2024-04-18 13:34:08'),('08dca24b-7efa-49e8-8094-78a3fdedbce4','859fb385-f865-4deb-907f-6da4bce1ea18',0,'7207f14a-06e6-47ec-96fc-b3983c5a10c6','33','Gabriel Duarte',15,0,0,1,NULL,'2024-04-18 16:22:09'),('08dca24b-7efa-49eb-88e9-eb7c57ff3496','859fb385-f865-4deb-907f-6da4bce1ea18',0,'01cafd90-3f4d-4329-81bf-04957083f82b','30','Eduarda',15,0,0,1,NULL,'2024-04-18 16:30:43'),('08dca24b-7efa-49ee-8a88-6f46308e7dc6','859fb385-f865-4deb-907f-6da4bce1ea18',0,'bf89b876-5262-45d8-a20f-ade89054b865','36','João Pedro',15,0,0,1,NULL,'2024-04-18 16:31:23'),('08dca24b-7efa-49f1-8981-f627d0cbf16c','859fb385-f865-4deb-907f-6da4bce1ea18',0,'01cafd90-3f4d-4329-81bf-04957083f82b','30','Eduarda',15,0,0,1,NULL,'2024-04-19 08:02:57'),('08dca24b-7efa-49f4-877c-59db1c3df87d','859fb385-f865-4deb-907f-6da4bce1ea18',0,'6d3fdf36-0f5b-4ce6-a217-3a395f3cc534','22','Norberto Pinto',15,0,0,1,NULL,'2024-04-19 08:03:09'),('08dca24b-7efa-49f7-8867-db093eb848d1','859fb385-f865-4deb-907f-6da4bce1ea18',0,'7207f14a-06e6-47ec-96fc-b3983c5a10c6','33','Gabriel Duarte',15,0,0,1,NULL,'2024-04-19 09:03:05'),('08dca24b-7efa-49fa-8796-bdd7725ba3cd','859fb385-f865-4deb-907f-6da4bce1ea18',0,'01cafd90-3f4d-4329-81bf-04957083f82b','30','Eduarda',15,0,0,1,NULL,'2024-04-19 16:54:35'),('08dca24b-7efa-4a00-845f-4de8b3c9702d','859fb385-f865-4deb-907f-6da4bce1ea18',0,'7207f14a-06e6-47ec-96fc-b3983c5a10c6','33','Gabriel Duarte',15,0,0,1,NULL,'2024-04-22 09:35:01'),('08dca24b-7efa-4a03-8563-daf1eb06f54b','859fb385-f865-4deb-907f-6da4bce1ea18',0,'7207f14a-06e6-47ec-96fc-b3983c5a10c6','33','Gabriel Duarte',15,0,0,1,NULL,'2024-04-22 11:04:32'),('08dca24b-7efa-4a0f-85e4-8801d95165be','859fb385-f865-4deb-907f-6da4bce1ea18',0,'01cafd90-3f4d-4329-81bf-04957083f82b','30','Eduarda',15,0,0,1,NULL,'2024-04-23 09:05:25'),('08dca24b-7efa-4a15-84bb-0f8a6ecd6d59','859fb385-f865-4deb-907f-6da4bce1ea18',0,'01cafd90-3f4d-4329-81bf-04957083f82b','30','Eduarda',15,0,0,1,NULL,'2024-04-23 11:52:12'),('08dca24b-7efa-4a21-8f41-701c103c4ee0','859fb385-f865-4deb-907f-6da4bce1ea18',0,'bf89b876-5262-45d8-a20f-ade89054b865','36','João Pedro',15,0,0,1,NULL,'2024-04-24 08:01:36'),('08dca24b-7efa-4a24-8ee0-0d8267bca15e','859fb385-f865-4deb-907f-6da4bce1ea18',0,'7207f14a-06e6-47ec-96fc-b3983c5a10c6','33','Gabriel Duarte',15,0,0,1,NULL,'2024-04-24 11:33:10'),('08dca24b-7efa-4a27-8c17-4fc03617a361','859fb385-f865-4deb-907f-6da4bce1ea18',0,'bf89b876-5262-45d8-a20f-ade89054b865','36','João Pedro',15,0,0,1,NULL,'2024-04-24 11:42:51'),('08dca24b-7efa-4a2a-8b72-c96e86677622','859fb385-f865-4deb-907f-6da4bce1ea18',0,'bf89b876-5262-45d8-a20f-ade89054b865','36','João Pedro',15,0,0,1,NULL,'2024-04-24 13:39:36'),('08dca24b-7efa-4a2d-8d93-48efce61f69b','859fb385-f865-4deb-907f-6da4bce1ea18',0,'7207f14a-06e6-47ec-96fc-b3983c5a10c6','33','Gabriel Duarte',15,0,0,1,NULL,'2024-04-24 16:02:14'),('08dca24b-7efa-4a30-8aff-d93139b36532','859fb385-f865-4deb-907f-6da4bce1ea18',0,'7207f14a-06e6-47ec-96fc-b3983c5a10c6','33','Gabriel Duarte',15,0,0,1,NULL,'2024-04-24 16:14:12'),('08dca24b-7efa-4a33-8a8f-518c6441f5ad','859fb385-f865-4deb-907f-6da4bce1ea18',0,'bf89b876-5262-45d8-a20f-ade89054b865','36','João Pedro',15,0,0,1,NULL,'2024-04-24 16:41:23'),('08dca24b-7efa-4a36-899b-6e65ce3f3ddc','859fb385-f865-4deb-907f-6da4bce1ea18',0,'01cafd90-3f4d-4329-81bf-04957083f82b','30','Eduarda',15,0,0,1,NULL,'2024-04-26 08:08:32'),('08dca24b-7efa-4a39-8fde-280a2518b634','859fb385-f865-4deb-907f-6da4bce1ea18',0,'bf89b876-5262-45d8-a20f-ade89054b865','36','João Pedro',15,0,0,1,NULL,'2024-04-26 08:08:36'),('08dca24b-7efa-4a3c-8ec1-cdffadb933e7','859fb385-f865-4deb-907f-6da4bce1ea18',0,'bf89b876-5262-45d8-a20f-ade89054b865','36','João Pedro',15,0,0,1,NULL,'2024-04-26 11:39:19'),('08dca24b-7efa-4a3f-8b96-0b6de90e9a15','859fb385-f865-4deb-907f-6da4bce1ea18',0,'bf89b876-5262-45d8-a20f-ade89054b865','36','João Pedro',15,0,0,1,NULL,'2024-04-26 13:45:35'),('08dca24b-7efa-4a42-89d3-96e6b715fbd0','859fb385-f865-4deb-907f-6da4bce1ea18',0,'01cafd90-3f4d-4329-81bf-04957083f82b','30','Eduarda',15,0,0,1,NULL,'2024-04-26 14:15:44'),('08dca24b-7efa-4a45-88bb-a20e274100bc','859fb385-f865-4deb-907f-6da4bce1ea18',0,'01cafd90-3f4d-4329-81bf-04957083f82b','30','Eduarda',15,0,0,1,NULL,'2024-04-26 16:03:28'),('08dca24b-7efa-4a48-8601-793b57b6e470','859fb385-f865-4deb-907f-6da4bce1ea18',0,'bf89b876-5262-45d8-a20f-ade89054b865','36','João Pedro',15,0,0,1,NULL,'2024-04-26 16:08:51'),('08dca24b-7efa-4a4b-8508-8a6c7795eb80','859fb385-f865-4deb-907f-6da4bce1ea18',0,'6d3fdf36-0f5b-4ce6-a217-3a395f3cc534','22','Norberto Pinto',15,0,0,1,NULL,'2024-04-26 16:25:51'),('08dca24b-7efa-4a5a-857c-6d969b81e44e','859fb385-f865-4deb-907f-6da4bce1ea18',0,'01cafd90-3f4d-4329-81bf-04957083f82b','30','Eduarda',15,0,0,1,NULL,'2024-05-02 08:01:23'),('08dca24b-7efa-4a5d-854f-f2efccef7e50','859fb385-f865-4deb-907f-6da4bce1ea18',0,'bf89b876-5262-45d8-a20f-ade89054b865','36','João Pedro',15,0,0,1,NULL,'2024-05-02 08:01:27'),('08dca24b-7efa-4a60-83f9-1ced9a688fcc','859fb385-f865-4deb-907f-6da4bce1ea18',0,'7207f14a-06e6-47ec-96fc-b3983c5a10c6','33','Gabriel Duarte',15,0,0,1,NULL,'2024-05-02 09:02:43'),('08dca24b-7efa-4a63-82ce-94403d715b47','859fb385-f865-4deb-907f-6da4bce1ea18',0,'7207f14a-06e6-47ec-96fc-b3983c5a10c6','33','Gabriel Duarte',15,0,0,1,NULL,'2024-05-02 11:38:08'),('08dca24b-7efa-4a66-824d-b7e2926011ff','859fb385-f865-4deb-907f-6da4bce1ea18',0,'bf89b876-5262-45d8-a20f-ade89054b865','36','João Pedro',15,0,0,1,NULL,'2024-05-02 11:45:21'),('08dca24b-7efa-4a69-880a-93ad60fb0b8c','859fb385-f865-4deb-907f-6da4bce1ea18',0,'01cafd90-3f4d-4329-81bf-04957083f82b','30','Eduarda',15,0,0,1,NULL,'2024-05-02 11:51:53'),('08dca24b-7efa-4a6c-8949-d3cc91bf7210','859fb385-f865-4deb-907f-6da4bce1ea18',0,'bf89b876-5262-45d8-a20f-ade89054b865','36','João Pedro',15,0,0,1,NULL,'2024-05-02 13:39:06'),('08dca24b-7efa-4a6f-885a-a44004baa8bb','859fb385-f865-4deb-907f-6da4bce1ea18',0,'7207f14a-06e6-47ec-96fc-b3983c5a10c6','33','Gabriel Duarte',15,0,0,1,NULL,'2024-05-02 16:02:35'),('08dca24b-7efa-4a72-86ed-bd4ef7eae807','859fb385-f865-4deb-907f-6da4bce1ea18',0,'7207f14a-06e6-47ec-96fc-b3983c5a10c6','33','Gabriel Duarte',15,0,0,1,NULL,'2024-05-02 17:38:31'),('08dca24b-7efa-4a75-852c-c0bbeef64729','859fb385-f865-4deb-907f-6da4bce1ea18',0,'bf89b876-5262-45d8-a20f-ade89054b865','36','João Pedro',15,0,0,1,NULL,'2024-05-02 17:48:33'),('08dca24b-7efa-4a78-84ba-981ff1d1b863','859fb385-f865-4deb-907f-6da4bce1ea18',0,'bf89b876-5262-45d8-a20f-ade89054b865','36','João Pedro',15,0,0,1,NULL,'2024-05-03 09:11:19'),('08dca24b-7efa-4a7b-83a5-62ab2b1420ff','859fb385-f865-4deb-907f-6da4bce1ea18',0,'7207f14a-06e6-47ec-96fc-b3983c5a10c6','33','Gabriel Duarte',15,0,0,1,NULL,'2024-05-03 10:00:31'),('08dca24b-7efa-4a7e-82a1-95c2f283a60c','859fb385-f865-4deb-907f-6da4bce1ea18',0,'7207f14a-06e6-47ec-96fc-b3983c5a10c6','33','Gabriel Duarte',15,0,0,1,NULL,'2024-05-03 12:27:41'),('08dca24b-7efa-4a81-801d-747ac6cc8f7c','859fb385-f865-4deb-907f-6da4bce1ea18',0,'bf89b876-5262-45d8-a20f-ade89054b865','36','João Pedro',15,0,0,1,NULL,'2024-05-03 12:41:00'),('08dca24b-7efa-4a84-86bb-49b211f9cd7e','859fb385-f865-4deb-907f-6da4bce1ea18',0,'bf89b876-5262-45d8-a20f-ade89054b865','36','João Pedro',15,0,0,1,NULL,'2024-05-03 14:31:43'),('08dca24b-7efa-4a87-8536-b1fa90dcc83c','859fb385-f865-4deb-907f-6da4bce1ea18',0,'7207f14a-06e6-47ec-96fc-b3983c5a10c6','33','Gabriel Duarte',15,0,0,1,NULL,'2024-05-03 16:23:45'),('08dca24b-7efa-4a8a-82f4-8deed34fe778','859fb385-f865-4deb-907f-6da4bce1ea18',0,'bf89b876-5262-45d8-a20f-ade89054b865','36','João Pedro',15,0,0,1,NULL,'2024-05-03 17:30:35'),('08dca24b-7efa-4a8d-8578-56075fd96aa3','859fb385-f865-4deb-907f-6da4bce1ea18',0,'7207f14a-06e6-47ec-96fc-b3983c5a10c6','33','Gabriel Duarte',15,0,0,1,NULL,'2024-05-03 17:30:37'),('08dca24b-7efa-4a93-83ec-2f19e06f6a90','859fb385-f865-4deb-907f-6da4bce1ea18',0,'7207f14a-06e6-47ec-96fc-b3983c5a10c6','33','Gabriel Duarte',15,0,0,1,NULL,'2024-05-07 10:45:19'),('08dca24b-7efa-4a99-82d0-728a9d66ddde','859fb385-f865-4deb-907f-6da4bce1ea18',0,'7207f14a-06e6-47ec-96fc-b3983c5a10c6','33','Gabriel Duarte',15,0,0,1,NULL,'2024-05-07 12:32:12'),('08dca24b-7efa-4aa2-888f-f8972d7ca8ac','859fb385-f865-4deb-907f-6da4bce1ea18',0,'7207f14a-06e6-47ec-96fc-b3983c5a10c6','33','Gabriel Duarte',15,0,0,1,NULL,'2024-05-07 14:18:27'),('08dca24b-7efa-4aa5-893c-57478c980ed1','859fb385-f865-4deb-907f-6da4bce1ea18',0,'7207f14a-06e6-47ec-96fc-b3983c5a10c6','33','Gabriel Duarte',15,0,0,1,NULL,'2024-05-07 16:14:33'),('08dca24b-7efa-4aa8-89a9-eab4d8e646a9','859fb385-f865-4deb-907f-6da4bce1ea18',0,'7207f14a-06e6-47ec-96fc-b3983c5a10c6','33','Gabriel Duarte',15,0,0,1,NULL,'2024-05-07 17:16:34'),('08dca24b-7efa-4aae-87a6-48644f5d0611','859fb385-f865-4deb-907f-6da4bce1ea18',0,'bf89b876-5262-45d8-a20f-ade89054b865','36','João Pedro',15,0,0,1,NULL,'2024-05-08 10:12:47'),('08dca24b-7efa-4ab1-8630-c601087a7da7','859fb385-f865-4deb-907f-6da4bce1ea18',0,'7207f14a-06e6-47ec-96fc-b3983c5a10c6','33','Gabriel Duarte',15,0,0,1,NULL,'2024-05-08 12:20:01'),('08dca24b-7efa-4ab4-847d-ac2b6381dbeb','859fb385-f865-4deb-907f-6da4bce1ea18',0,'7207f14a-06e6-47ec-96fc-b3983c5a10c6','33','Gabriel Duarte',15,0,0,1,NULL,'2024-05-08 12:21:58'),('08dca24b-7efa-4ab7-8ce1-5895555dbcf6','859fb385-f865-4deb-907f-6da4bce1ea18',0,'bf89b876-5262-45d8-a20f-ade89054b865','36','João Pedro',15,0,0,1,NULL,'2024-05-08 13:15:30'),('08dca24b-7efa-4aba-8dec-fbdfa9c9d69f','859fb385-f865-4deb-907f-6da4bce1ea18',0,'bf89b876-5262-45d8-a20f-ade89054b865','36','João Pedro',15,0,0,1,NULL,'2024-05-08 15:15:06'),('08dca24b-7efa-4abd-8aa8-15576a814f32','859fb385-f865-4deb-907f-6da4bce1ea18',0,'7207f14a-06e6-47ec-96fc-b3983c5a10c6','33','Gabriel Duarte',15,0,0,1,NULL,'2024-05-08 16:03:17'),('08dca24b-7efa-4ac0-8c98-311fef3d3088','859fb385-f865-4deb-907f-6da4bce1ea18',0,'7207f14a-06e6-47ec-96fc-b3983c5a10c6','33','Gabriel Duarte',15,0,0,1,NULL,'2024-05-08 16:45:30'),('08dca24b-7efa-4ac3-8e24-7111955af417','859fb385-f865-4deb-907f-6da4bce1ea18',0,'7207f14a-06e6-47ec-96fc-b3983c5a10c6','33','Gabriel Duarte',15,0,0,1,NULL,'2024-05-08 17:02:33'),('08dca24b-7efa-4ac6-8c37-dee7b7ba5f65','859fb385-f865-4deb-907f-6da4bce1ea18',0,'bf89b876-5262-45d8-a20f-ade89054b865','36','João Pedro',15,0,0,1,NULL,'2024-05-08 18:13:11'),('08dca24b-7efa-4ac9-8a73-82fc55751dca','859fb385-f865-4deb-907f-6da4bce1ea18',0,'bf89b876-5262-45d8-a20f-ade89054b865','36','João Pedro',15,0,0,1,NULL,'2024-05-09 09:06:21'),('08dca24b-7efa-4acc-8973-d2e96deaed0e','859fb385-f865-4deb-907f-6da4bce1ea18',0,'bf89b876-5262-45d8-a20f-ade89054b865','36','João Pedro',15,0,0,1,NULL,'2024-05-09 12:58:24'),('08dca24b-7efa-4acf-8e43-e6e593e21610','859fb385-f865-4deb-907f-6da4bce1ea18',0,'7207f14a-06e6-47ec-96fc-b3983c5a10c6','33','Gabriel Duarte',15,0,0,1,NULL,'2024-05-09 14:46:22'),('08dca24b-7efa-4ad2-8f22-a893b5d52d84','859fb385-f865-4deb-907f-6da4bce1ea18',0,'bf89b876-5262-45d8-a20f-ade89054b865','36','João Pedro',15,0,0,1,NULL,'2024-05-09 14:46:25'),('08dca24b-7efa-4ad5-8d31-02f19abf2fb5','859fb385-f865-4deb-907f-6da4bce1ea18',0,'7207f14a-06e6-47ec-96fc-b3983c5a10c6','33','Gabriel Duarte',15,0,0,1,NULL,'2024-05-09 17:08:17'),('08dca24b-7efa-4ad8-8cb9-c48baf2d74a2','859fb385-f865-4deb-907f-6da4bce1ea18',0,'bf89b876-5262-45d8-a20f-ade89054b865','36','João Pedro',15,0,0,1,NULL,'2024-05-09 18:00:10'),('08dca24b-7efa-4adb-8a07-95ba8deaec0f','859fb385-f865-4deb-907f-6da4bce1ea18',0,'bf89b876-5262-45d8-a20f-ade89054b865','36','João Pedro',15,0,0,1,NULL,'2024-05-10 09:06:32'),('08dca24b-7efa-4ade-8804-7e4d3134a402','859fb385-f865-4deb-907f-6da4bce1ea18',0,'bf89b876-5262-45d8-a20f-ade89054b865','36','João Pedro',15,0,0,1,NULL,'2024-05-10 12:43:07'),('08dca24b-7efa-4ae1-8a3e-b579a37821f1','859fb385-f865-4deb-907f-6da4bce1ea18',0,'bf89b876-5262-45d8-a20f-ade89054b865','36','João Pedro',15,0,0,1,NULL,'2024-05-10 15:00:52'),('08dca24b-7efa-4ae4-8948-f295735aed4c','859fb385-f865-4deb-907f-6da4bce1ea18',0,'bf89b876-5262-45d8-a20f-ade89054b865','36','João Pedro',15,0,0,1,NULL,'2024-05-10 17:39:15'),('08dca24b-7efa-4af3-8ae3-74b3332d7ca8','859fb385-f865-4deb-907f-6da4bce1ea18',0,'bf89b876-5262-45d8-a20f-ade89054b865','36','João Pedro',15,0,0,1,NULL,'2024-05-15 09:19:33'),('08dca24b-7efa-4af6-88ba-114cd0fd7342','859fb385-f865-4deb-907f-6da4bce1ea18',0,'bf89b876-5262-45d8-a20f-ade89054b865','36','João Pedro',15,0,0,1,NULL,'2024-05-15 12:58:16'),('08dca24b-7efa-4af9-8657-d2376e792355','859fb385-f865-4deb-907f-6da4bce1ea18',0,'bf89b876-5262-45d8-a20f-ade89054b865','36','João Pedro',15,0,0,1,NULL,'2024-05-15 14:45:19'),('08dca24b-7efa-4afc-8920-1a5fc9b4ed1b','859fb385-f865-4deb-907f-6da4bce1ea18',0,'bf89b876-5262-45d8-a20f-ade89054b865','36','João Pedro',15,0,0,1,NULL,'2024-05-15 17:50:04'),('08dca24b-7efa-4aff-8771-9fce59abf56b','859fb385-f865-4deb-907f-6da4bce1ea18',0,'bf89b876-5262-45d8-a20f-ade89054b865','36','João Pedro',15,0,0,1,NULL,'2024-05-16 09:14:22'),('08dca24b-7efa-4b03-8b43-10d872bb4375','859fb385-f865-4deb-907f-6da4bce1ea18',0,'bf89b876-5262-45d8-a20f-ade89054b865','36','João Pedro',15,0,0,1,NULL,'2024-05-16 12:47:05'),('08dca24b-7efa-4b06-8941-57f53ff3ce16','859fb385-f865-4deb-907f-6da4bce1ea18',0,'bf89b876-5262-45d8-a20f-ade89054b865','36','João Pedro',15,0,0,1,NULL,'2024-05-16 14:46:30'),('08dca24b-7efa-4b09-8964-d180e9193287','859fb385-f865-4deb-907f-6da4bce1ea18',0,'7207f14a-06e6-47ec-96fc-b3983c5a10c6','33','Gabriel Duarte',15,0,0,1,NULL,'2024-05-16 17:29:32'),('08dca24b-7efa-4b0c-88bf-4e7fe9ece940','859fb385-f865-4deb-907f-6da4bce1ea18',0,'bf89b876-5262-45d8-a20f-ade89054b865','36','João Pedro',15,0,0,1,NULL,'2024-05-16 17:50:30'),('08dca24b-7efa-4b0f-8852-4ddaf50c506e','859fb385-f865-4deb-907f-6da4bce1ea18',0,'bf89b876-5262-45d8-a20f-ade89054b865','36','João Pedro',15,0,0,1,NULL,'2024-05-17 09:15:08'),('08dca24b-7efa-4b12-8797-de55c7ad94ce','859fb385-f865-4deb-907f-6da4bce1ea18',0,'7207f14a-06e6-47ec-96fc-b3983c5a10c6','33','Gabriel Duarte',15,0,0,1,NULL,'2024-05-17 10:18:34'),('08dca24b-7efa-4b15-89ae-9a9ab59449d0','859fb385-f865-4deb-907f-6da4bce1ea18',0,'6d3fdf36-0f5b-4ce6-a217-3a395f3cc534','22','Norberto Pinto',15,0,0,1,NULL,'2024-05-17 11:54:53'),('08dca24b-7efa-4b18-89f6-e6dbacbf88dd','859fb385-f865-4deb-907f-6da4bce1ea18',0,'bf89b876-5262-45d8-a20f-ade89054b865','36','João Pedro',15,0,0,1,NULL,'2024-05-17 12:47:53'),('08dca24b-7efa-4b1c-8253-468e424866fd','859fb385-f865-4deb-907f-6da4bce1ea18',0,'bf89b876-5262-45d8-a20f-ade89054b865','36','João Pedro',15,0,0,1,NULL,'2024-05-17 14:44:46'),('08dca24b-7efa-4b1f-83ea-193f7695b258','859fb385-f865-4deb-907f-6da4bce1ea18',0,'bf89b876-5262-45d8-a20f-ade89054b865','36','João Pedro',15,0,0,1,NULL,'2024-05-17 18:25:04'),('08dca24b-7efa-4b22-858a-73e522466dde','859fb385-f865-4deb-907f-6da4bce1ea18',0,'bf89b876-5262-45d8-a20f-ade89054b865','36','João Pedro',15,0,0,1,NULL,'2024-05-20 09:17:30'),('08dca24b-7efa-4b28-8507-88204652bff6','859fb385-f865-4deb-907f-6da4bce1ea18',0,'bf89b876-5262-45d8-a20f-ade89054b865','36','João Pedro',15,0,0,1,NULL,'2024-05-20 12:45:11'),('08dca24b-7efa-4b31-8277-d1fece190aa1','859fb385-f865-4deb-907f-6da4bce1ea18',0,'bf89b876-5262-45d8-a20f-ade89054b865','36','João Pedro',15,0,0,1,NULL,'2024-05-20 14:31:23'),('08dca24b-7efa-4b38-808a-10f069e24a7a','859fb385-f865-4deb-907f-6da4bce1ea18',0,'bf89b876-5262-45d8-a20f-ade89054b865','36','João Pedro',15,0,0,1,NULL,'2024-05-20 18:04:07'),('08dca24b-7efa-4b3b-8054-39115d68b468','859fb385-f865-4deb-907f-6da4bce1ea18',0,'bf89b876-5262-45d8-a20f-ade89054b865','36','João Pedro',15,0,0,1,NULL,'2024-05-23 09:37:30'),('08dca24b-7efa-4b3d-8f2c-3b354da0b7c3','859fb385-f865-4deb-907f-6da4bce1ea18',0,'7207f14a-06e6-47ec-96fc-b3983c5a10c6','33','Gabriel Duarte',15,0,0,1,NULL,'2024-05-23 10:29:45'),('08dca24b-7efa-4b40-8e82-b104d057ba2f','859fb385-f865-4deb-907f-6da4bce1ea18',0,'7207f14a-06e6-47ec-96fc-b3983c5a10c6','33','Gabriel Duarte',15,0,0,1,NULL,'2024-05-23 11:57:17'),('08dca24b-7efa-4b43-8da9-bea8b467dad9','859fb385-f865-4deb-907f-6da4bce1ea18',0,'bf89b876-5262-45d8-a20f-ade89054b865','36','João Pedro',15,0,0,1,NULL,'2024-05-23 12:52:04'),('08dca24b-7efa-4b46-8c09-bff792888ae8','859fb385-f865-4deb-907f-6da4bce1ea18',0,'bf89b876-5262-45d8-a20f-ade89054b865','36','João Pedro',15,0,0,1,NULL,'2024-05-23 14:33:06'),('08dca24b-7efa-4b49-8de0-69a52ca67651','859fb385-f865-4deb-907f-6da4bce1ea18',0,'bf89b876-5262-45d8-a20f-ade89054b865','36','João Pedro',15,0,0,1,NULL,'2024-05-23 17:42:13'),('08dca24b-7efa-4b60-85ac-6f2208772eb4','859fb385-f865-4deb-907f-6da4bce1ea18',0,'7207f14a-06e6-47ec-96fc-b3983c5a10c6','33','Gabriel Duarte',15,0,0,1,NULL,'2024-05-28 10:11:23'),('08dca24b-7efa-4b63-8936-2c4b7006e1b6','859fb385-f865-4deb-907f-6da4bce1ea18',0,'7207f14a-06e6-47ec-96fc-b3983c5a10c6','33','Gabriel Duarte',15,0,0,1,NULL,'2024-05-28 14:55:26'),('08dca24b-7efa-4b66-8732-832d7a6321a2','859fb385-f865-4deb-907f-6da4bce1ea18',0,'7207f14a-06e6-47ec-96fc-b3983c5a10c6','33','Gabriel Duarte',15,0,0,1,NULL,'2024-05-28 16:19:18'),('08dca24b-7efa-4b69-86b1-1cc86b4895a8','859fb385-f865-4deb-907f-6da4bce1ea18',0,'7207f14a-06e6-47ec-96fc-b3983c5a10c6','33','Gabriel Duarte',15,0,0,1,NULL,'2024-05-28 17:45:09'),('08dca24b-7efa-4b6c-83d6-870ae20ddda2','859fb385-f865-4deb-907f-6da4bce1ea18',0,'bf89b876-5262-45d8-a20f-ade89054b865','36','João Pedro',15,0,0,1,NULL,'2024-05-29 09:07:03'),('08dca24b-7efa-4b6f-8346-327fedf3f663','859fb385-f865-4deb-907f-6da4bce1ea18',0,'7207f14a-06e6-47ec-96fc-b3983c5a10c6','33','Gabriel Duarte',15,0,0,1,NULL,'2024-05-29 09:07:13'),('08dca24b-7efa-4b72-8a67-010f3affebb3','859fb385-f865-4deb-907f-6da4bce1ea18',0,'7207f14a-06e6-47ec-96fc-b3983c5a10c6','33','Gabriel Duarte',15,0,0,1,NULL,'2024-05-29 12:10:50'),('08dca24b-7efa-4b75-8ad3-720736d7e771','859fb385-f865-4deb-907f-6da4bce1ea18',0,'bf89b876-5262-45d8-a20f-ade89054b865','36','João Pedro',15,0,0,1,NULL,'2024-05-29 12:45:05'),('08dca24b-7efa-4b78-87bd-03c3edbdd764','859fb385-f865-4deb-907f-6da4bce1ea18',0,'bf89b876-5262-45d8-a20f-ade89054b865','36','João Pedro',15,0,0,1,NULL,'2024-05-29 14:31:55'),('08dca24b-7efa-4b7b-861d-967987d37202','859fb385-f865-4deb-907f-6da4bce1ea18',0,'7207f14a-06e6-47ec-96fc-b3983c5a10c6','33','Gabriel Duarte',15,0,0,1,NULL,'2024-05-29 17:18:38'),('08dca24b-7efa-4b7e-84d6-00c044e651da','859fb385-f865-4deb-907f-6da4bce1ea18',0,'bf89b876-5262-45d8-a20f-ade89054b865','36','João Pedro',15,0,0,1,NULL,'2024-05-29 17:44:19'),('08dca24b-7efa-4b81-8313-fc7a486ef5c8','859fb385-f865-4deb-907f-6da4bce1ea18',0,'bf89b876-5262-45d8-a20f-ade89054b865','36','João Pedro',15,0,0,1,NULL,'2024-05-31 09:10:48'),('08dca24b-7efa-4b84-826f-dd0a8d778130','859fb385-f865-4deb-907f-6da4bce1ea18',0,'7207f14a-06e6-47ec-96fc-b3983c5a10c6','33','Gabriel Duarte',15,0,0,1,NULL,'2024-05-31 10:03:09'),('08dca24b-7efa-4b87-819f-a429e5a0861b','859fb385-f865-4deb-907f-6da4bce1ea18',0,'7207f14a-06e6-47ec-96fc-b3983c5a10c6','33','Gabriel Duarte',15,0,0,1,NULL,'2024-05-31 12:09:25'),('08dca24b-7efa-4b89-8f73-5f88177901a5','859fb385-f865-4deb-907f-6da4bce1ea18',0,'7207f14a-06e6-47ec-96fc-b3983c5a10c6','33','Gabriel Duarte',15,0,0,1,NULL,'2024-05-31 12:47:06'),('08dca24b-7efa-4b8d-875a-3d0ebf994f85','859fb385-f865-4deb-907f-6da4bce1ea18',0,'bf89b876-5262-45d8-a20f-ade89054b865','36','João Pedro',15,0,0,1,NULL,'2024-05-31 12:56:13'),('08dca24b-7efa-4b90-865a-b339496749f4','859fb385-f865-4deb-907f-6da4bce1ea18',0,'bf89b876-5262-45d8-a20f-ade89054b865','36','João Pedro',15,0,0,1,NULL,'2024-05-31 14:45:33'),('08dca24b-7efa-4b93-8590-c16272fab131','859fb385-f865-4deb-907f-6da4bce1ea18',0,'bf89b876-5262-45d8-a20f-ade89054b865','36','João Pedro',15,0,0,1,NULL,'2024-05-31 17:54:07'),('08dca24b-7efa-4b96-873a-294799f06670','859fb385-f865-4deb-907f-6da4bce1ea18',0,'7207f14a-06e6-47ec-96fc-b3983c5a10c6','33','Gabriel Duarte',15,0,0,1,NULL,'2024-06-04 10:04:27'),('08dca24b-7efa-4b99-87b8-49642be9c3b9','859fb385-f865-4deb-907f-6da4bce1ea18',0,'7207f14a-06e6-47ec-96fc-b3983c5a10c6','33','Gabriel Duarte',15,0,0,1,NULL,'2024-06-04 10:52:26'),('08dca24b-7efa-4b9c-86e7-c5e2454baa6d','859fb385-f865-4deb-907f-6da4bce1ea18',0,'7207f14a-06e6-47ec-96fc-b3983c5a10c6','33','Gabriel Duarte',15,0,0,1,NULL,'2024-06-04 12:27:09'),('08dca24b-7efa-4b9f-84d2-25f6f9f67a3d','859fb385-f865-4deb-907f-6da4bce1ea18',0,'7207f14a-06e6-47ec-96fc-b3983c5a10c6','33','Gabriel Duarte',15,0,0,1,NULL,'2024-06-04 17:40:14'),('08dca24b-7efa-4ba2-848e-bf62f8e0f5aa','859fb385-f865-4deb-907f-6da4bce1ea18',0,'7207f14a-06e6-47ec-96fc-b3983c5a10c6','33','Gabriel Duarte',15,0,0,1,NULL,'2024-06-05 10:23:00'),('08dca24b-7efa-4ba5-8cb1-424c44ef323a','859fb385-f865-4deb-907f-6da4bce1ea18',0,'7207f14a-06e6-47ec-96fc-b3983c5a10c6','33','Gabriel Duarte',15,0,0,1,NULL,'2024-06-05 10:47:56'),('08dca24b-7efa-4ba8-8d42-6185b192ff4c','859fb385-f865-4deb-907f-6da4bce1ea18',0,'7207f14a-06e6-47ec-96fc-b3983c5a10c6','33','Gabriel Duarte',15,0,0,1,NULL,'2024-06-05 17:04:45'),('08dca24b-7efa-4bab-8feb-29b9ae92d3df','859fb385-f865-4deb-907f-6da4bce1ea18',0,'7207f14a-06e6-47ec-96fc-b3983c5a10c6','33','Gabriel Duarte',15,0,0,1,NULL,'2024-06-06 12:23:38'),('08dca24b-7efa-4bae-8e77-5f6ad1212d60','859fb385-f865-4deb-907f-6da4bce1ea18',0,'bf89b876-5262-45d8-a20f-ade89054b865','36','João Pedro',15,0,0,1,NULL,'2024-06-06 14:58:23'),('08dca24b-7efa-4bb1-8e6e-248078913509','859fb385-f865-4deb-907f-6da4bce1ea18',0,'bf89b876-5262-45d8-a20f-ade89054b865','36','João Pedro',15,0,0,1,NULL,'2024-06-06 17:58:54'),('08dca24b-7efa-4bb4-8eca-3809e31b2a45','859fb385-f865-4deb-907f-6da4bce1ea18',0,'bf89b876-5262-45d8-a20f-ade89054b865','36','João Pedro',15,0,0,1,NULL,'2024-06-07 09:16:38'),('08dca24b-7efa-4bb7-8bfa-8afd6fed5f12','859fb385-f865-4deb-907f-6da4bce1ea18',0,'7207f14a-06e6-47ec-96fc-b3983c5a10c6','33','Gabriel Duarte',15,0,0,1,NULL,'2024-06-07 10:01:59'),('08dca24b-7efa-4bba-898d-eea1f5fede26','859fb385-f865-4deb-907f-6da4bce1ea18',0,'bf89b876-5262-45d8-a20f-ade89054b865','36','João Pedro',15,0,0,1,NULL,'2024-06-07 13:02:55'),('08dca24b-7efa-4bbd-8ee2-6c7095258524','859fb385-f865-4deb-907f-6da4bce1ea18',0,'bf89b876-5262-45d8-a20f-ade89054b865','36','João Pedro',15,0,0,1,NULL,'2024-06-07 14:44:44'),('08dca24b-7efa-4bc0-8dba-820e60027158','859fb385-f865-4deb-907f-6da4bce1ea18',0,'bf89b876-5262-45d8-a20f-ade89054b865','36','João Pedro',15,0,0,1,NULL,'2024-06-07 17:52:51'),('08dca24b-7efa-4bc3-8b47-0c89f95eb383','859fb385-f865-4deb-907f-6da4bce1ea18',0,'bf89b876-5262-45d8-a20f-ade89054b865','36','João Pedro',15,0,0,1,NULL,'2024-06-12 09:01:28'),('08dca24b-7efa-4bc6-8ac2-5c5f1db82583','859fb385-f865-4deb-907f-6da4bce1ea18',0,'7207f14a-06e6-47ec-96fc-b3983c5a10c6','33','Gabriel Duarte',15,0,0,1,NULL,'2024-06-12 09:14:46'),('08dca24b-7efa-4bc9-893a-0fe0da78d2c8','859fb385-f865-4deb-907f-6da4bce1ea18',0,'7207f14a-06e6-47ec-96fc-b3983c5a10c6','33','Gabriel Duarte',15,0,0,1,NULL,'2024-06-12 13:00:54'),('08dca24b-7efa-4bcc-88d9-a6a64a368047','859fb385-f865-4deb-907f-6da4bce1ea18',0,'bf89b876-5262-45d8-a20f-ade89054b865','36','João Pedro',15,0,0,1,NULL,'2024-06-12 13:01:50'),('08dca24b-7efa-4bcf-8794-33ab98b24da7','859fb385-f865-4deb-907f-6da4bce1ea18',0,'bf89b876-5262-45d8-a20f-ade89054b865','36','João Pedro',15,0,0,1,NULL,'2024-06-12 14:44:44'),('08dca24b-7efa-4bd2-8825-20c87dadb5f7','859fb385-f865-4deb-907f-6da4bce1ea18',0,'bf89b876-5262-45d8-a20f-ade89054b865','36','João Pedro',15,0,0,1,NULL,'2024-06-12 17:51:12'),('08dca24b-7efa-4bd5-8a9e-12d7a9c8cce9','859fb385-f865-4deb-907f-6da4bce1ea18',0,'bf89b876-5262-45d8-a20f-ade89054b865','36','João Pedro',15,0,0,1,NULL,'2024-06-13 09:01:54'),('08dca24b-7efa-4bd9-86c9-6f50bfe4bed0','859fb385-f865-4deb-907f-6da4bce1ea18',0,'7207f14a-06e6-47ec-96fc-b3983c5a10c6','33','Gabriel Duarte',15,0,0,1,NULL,'2024-06-13 09:07:07'),('08dca24b-7efa-4bdc-8f8a-b34a14272d1a','859fb385-f865-4deb-907f-6da4bce1ea18',0,'7207f14a-06e6-47ec-96fc-b3983c5a10c6','33','Gabriel Duarte',15,0,0,1,NULL,'2024-06-13 12:40:27'),('08dca24b-7efa-4be0-899d-b372af8d9fcf','859fb385-f865-4deb-907f-6da4bce1ea18',0,'bf89b876-5262-45d8-a20f-ade89054b865','36','João Pedro',15,0,0,1,NULL,'2024-06-13 12:51:10'),('08dca24b-7efa-4be4-87bd-caaee100492d','859fb385-f865-4deb-907f-6da4bce1ea18',0,'7207f14a-06e6-47ec-96fc-b3983c5a10c6','33','Gabriel Duarte',15,0,0,1,NULL,'2024-06-13 12:53:54'),('08dca24b-7efa-4be8-8076-1b5fda466e30','859fb385-f865-4deb-907f-6da4bce1ea18',0,'7207f14a-06e6-47ec-96fc-b3983c5a10c6','33','Gabriel Duarte',15,0,0,1,NULL,'2024-06-13 14:09:55'),('08dca24b-7efa-4beb-8858-19c521a3e0c4','859fb385-f865-4deb-907f-6da4bce1ea18',0,'bf89b876-5262-45d8-a20f-ade89054b865','36','João Pedro',15,0,0,1,NULL,'2024-06-13 14:44:42'),('08dca24b-7efa-4bee-8c86-f09a7e5a6653','859fb385-f865-4deb-907f-6da4bce1ea18',0,'bf89b876-5262-45d8-a20f-ade89054b865','36','João Pedro',15,0,0,1,NULL,'2024-06-13 17:57:47'),('08dca24b-7efa-4bf2-816b-037b84fca191','859fb385-f865-4deb-907f-6da4bce1ea18',0,'7207f14a-06e6-47ec-96fc-b3983c5a10c6','33','Gabriel Duarte',15,0,0,1,NULL,'2024-06-13 17:57:51'),('08dca24b-7efa-4bf6-8ea0-be25f3c477b8','859fb385-f865-4deb-907f-6da4bce1ea18',0,'bf89b876-5262-45d8-a20f-ade89054b865','36','João Pedro',15,0,0,1,NULL,'2024-06-14 09:16:35'),('08dca24b-7efa-4bfa-8a38-7630e1a465b6','859fb385-f865-4deb-907f-6da4bce1ea18',0,'7207f14a-06e6-47ec-96fc-b3983c5a10c6','33','Gabriel Duarte',15,0,0,1,NULL,'2024-06-14 09:16:36'),('08dca24b-7efa-4bfd-8f11-71cfb8a3509f','859fb385-f865-4deb-907f-6da4bce1ea18',0,'bf89b876-5262-45d8-a20f-ade89054b865','36','João Pedro',15,0,0,1,NULL,'2024-06-14 12:51:28'),('08dca24b-7efa-4c01-85c7-a10af41fded4','859fb385-f865-4deb-907f-6da4bce1ea18',0,'7207f14a-06e6-47ec-96fc-b3983c5a10c6','33','Gabriel Duarte',15,0,0,1,NULL,'2024-06-14 12:53:31'),('08dca24b-7efa-4c04-8c1f-8beb14e023cd','859fb385-f865-4deb-907f-6da4bce1ea18',0,'7207f14a-06e6-47ec-96fc-b3983c5a10c6','33','Gabriel Duarte',15,0,0,1,NULL,'2024-06-14 14:13:20'),('08dca24b-7efa-4c07-8c18-39da07880b22','859fb385-f865-4deb-907f-6da4bce1ea18',0,'bf89b876-5262-45d8-a20f-ade89054b865','36','João Pedro',15,0,0,1,NULL,'2024-06-14 14:45:41'),('08dca24b-7efa-4c0a-8c9d-9527148237e6','859fb385-f865-4deb-907f-6da4bce1ea18',0,'6d3fdf36-0f5b-4ce6-a217-3a395f3cc534','22','Norberto Pinto',15,0,0,1,NULL,'2024-06-14 17:38:56'),('08dca24b-7efa-4c0d-8bbc-768de70689e9','859fb385-f865-4deb-907f-6da4bce1ea18',0,'bf89b876-5262-45d8-a20f-ade89054b865','36','João Pedro',15,0,0,1,NULL,'2024-06-14 17:58:09'),('08dca24b-7efa-4c10-8c86-9d67c1e4f40a','859fb385-f865-4deb-907f-6da4bce1ea18',0,'7207f14a-06e6-47ec-96fc-b3983c5a10c6','33','Gabriel Duarte',15,0,0,1,NULL,'2024-06-14 17:59:22'),('08dca24b-7efa-4c14-846c-bc2eccfb5abb','859fb385-f865-4deb-907f-6da4bce1ea18',0,'bf89b876-5262-45d8-a20f-ade89054b865','36','João Pedro',15,0,0,1,NULL,'2024-06-17 09:22:25'),('08dca24b-7efa-4c17-856f-e306eec5ed7e','859fb385-f865-4deb-907f-6da4bce1ea18',0,'7207f14a-06e6-47ec-96fc-b3983c5a10c6','33','Gabriel Duarte',15,0,0,1,NULL,'2024-06-17 12:15:53'),('08dca24b-7efa-4c1a-86b9-1d847c2a9d15','859fb385-f865-4deb-907f-6da4bce1ea18',0,'bf89b876-5262-45d8-a20f-ade89054b865','36','João Pedro',15,0,0,1,NULL,'2024-06-17 12:15:54'),('08dca24b-7efa-4c1d-84bb-e45a713b26fc','859fb385-f865-4deb-907f-6da4bce1ea18',0,'bf89b876-5262-45d8-a20f-ade89054b865','36','João Pedro',15,0,0,1,NULL,'2024-06-17 14:03:21'),('08dca24b-7efa-4c20-8884-e1f048b354cf','859fb385-f865-4deb-907f-6da4bce1ea18',0,'bf89b876-5262-45d8-a20f-ade89054b865','36','João Pedro',15,0,0,1,NULL,'2024-06-17 18:03:00'),('08dca24b-7efa-4c23-86a4-ccbbb83eba25','859fb385-f865-4deb-907f-6da4bce1ea18',0,'bf89b876-5262-45d8-a20f-ade89054b865','36','João Pedro',15,0,0,1,NULL,'2024-06-19 09:15:52'),('08dca24b-7efa-4c26-8524-c2336f96e6fd','859fb385-f865-4deb-907f-6da4bce1ea18',0,'bf89b876-5262-45d8-a20f-ade89054b865','36','João Pedro',15,0,0,1,NULL,'2024-06-19 12:30:07'),('08dca24b-7efa-4c29-845b-6069dcc171bc','859fb385-f865-4deb-907f-6da4bce1ea18',0,'bf89b876-5262-45d8-a20f-ade89054b865','36','João Pedro',15,0,0,1,NULL,'2024-06-19 14:16:24'),('08dca24b-7efa-4c2c-8ca6-c55cbfda19d2','859fb385-f865-4deb-907f-6da4bce1ea18',0,'bf89b876-5262-45d8-a20f-ade89054b865','36','João Pedro',15,0,0,1,NULL,'2024-06-19 17:44:07'),('08dca24b-7efa-4c30-8057-af2cc5c8b0d7','859fb385-f865-4deb-907f-6da4bce1ea18',0,'7207f14a-06e6-47ec-96fc-b3983c5a10c6','33','Gabriel Duarte',15,0,0,1,NULL,'2024-06-21 09:09:55'),('08dca24b-7efa-4c33-827b-054d984684ff','859fb385-f865-4deb-907f-6da4bce1ea18',0,'bf89b876-5262-45d8-a20f-ade89054b865','36','João Pedro',15,0,0,1,NULL,'2024-06-21 10:02:31'),('08dca24b-7efa-4c36-8087-35301c448fd5','859fb385-f865-4deb-907f-6da4bce1ea18',0,'7207f14a-06e6-47ec-96fc-b3983c5a10c6','33','Gabriel Duarte',15,0,0,1,NULL,'2024-06-21 12:58:53'),('08dca24b-7efa-4c38-8f82-dd26478ddc29','859fb385-f865-4deb-907f-6da4bce1ea18',0,'bf89b876-5262-45d8-a20f-ade89054b865','36','João Pedro',15,0,0,1,NULL,'2024-06-21 13:00:34'),('08dca24b-7efa-4c3b-8e89-a049231c44ea','859fb385-f865-4deb-907f-6da4bce1ea18',0,'7207f14a-06e6-47ec-96fc-b3983c5a10c6','33','Gabriel Duarte',15,0,0,1,NULL,'2024-06-21 14:16:42'),('08dca24b-7efa-4c3f-80dc-7c7c0c52e4a0','859fb385-f865-4deb-907f-6da4bce1ea18',0,'bf89b876-5262-45d8-a20f-ade89054b865','36','João Pedro',15,0,0,1,NULL,'2024-06-21 15:00:47'),('08dca24b-7efa-4c41-8fa8-c41a89089657','859fb385-f865-4deb-907f-6da4bce1ea18',0,'7207f14a-06e6-47ec-96fc-b3983c5a10c6','33','Gabriel Duarte',15,0,0,1,NULL,'2024-06-21 15:32:46'),('08dca24b-7efa-4c45-8c8c-7939ce6b7f3b','859fb385-f865-4deb-907f-6da4bce1ea18',0,'7207f14a-06e6-47ec-96fc-b3983c5a10c6','33','Gabriel Duarte',15,0,0,1,NULL,'2024-06-21 15:34:25'),('08dca24b-7efa-4c49-806e-03febfa4f297','859fb385-f865-4deb-907f-6da4bce1ea18',0,'7207f14a-06e6-47ec-96fc-b3983c5a10c6','33','Gabriel Duarte',15,0,0,1,NULL,'2024-06-21 17:59:19'),('08dca24b-7efa-4c4c-8300-4369936dd649','859fb385-f865-4deb-907f-6da4bce1ea18',0,'bf89b876-5262-45d8-a20f-ade89054b865','36','João Pedro',15,0,0,1,NULL,'2024-06-21 17:59:26'),('08dca24b-7efa-4c4f-832f-cd39bf07e4bb','859fb385-f865-4deb-907f-6da4bce1ea18',0,'7207f14a-06e6-47ec-96fc-b3983c5a10c6','33','Gabriel Duarte',15,0,0,1,NULL,'2024-06-28 09:22:18'),('08dca24b-7efa-4c53-8b7f-0c3cdd7fcc05','859fb385-f865-4deb-907f-6da4bce1ea18',0,'bf89b876-5262-45d8-a20f-ade89054b865','36','João Pedro',15,0,0,1,NULL,'2024-06-28 09:22:21'),('08dca24b-7efa-4c58-82a0-faa20f4a7a4d','859fb385-f865-4deb-907f-6da4bce1ea18',0,'7207f14a-06e6-47ec-96fc-b3983c5a10c6','33','Gabriel Duarte',15,0,0,1,NULL,'2024-06-28 12:52:33'),('08dca24b-7efa-4c5f-89e7-84841a3fe66e','859fb385-f865-4deb-907f-6da4bce1ea18',0,'bf89b876-5262-45d8-a20f-ade89054b865','36','João Pedro',15,0,0,1,NULL,'2024-06-28 12:53:24'),('08dca24b-7efa-4c65-82a3-e58cbeb099a7','859fb385-f865-4deb-907f-6da4bce1ea18',0,'7207f14a-06e6-47ec-96fc-b3983c5a10c6','33','Gabriel Duarte',15,0,0,1,NULL,'2024-06-28 14:35:00'),('08dca24b-7efa-4c69-8fa1-564593c90a0f','859fb385-f865-4deb-907f-6da4bce1ea18',0,'bf89b876-5262-45d8-a20f-ade89054b865','36','João Pedro',15,0,0,1,NULL,'2024-06-28 14:45:52'),('08dca24b-7efa-4c70-84ad-4fc4dd0b317c','859fb385-f865-4deb-907f-6da4bce1ea18',0,'7207f14a-06e6-47ec-96fc-b3983c5a10c6','33','Gabriel Duarte',15,0,0,1,NULL,'2024-06-28 15:54:09'),('08dca24b-7efa-4c76-8199-4b770d6a210c','859fb385-f865-4deb-907f-6da4bce1ea18',0,'bf89b876-5262-45d8-a20f-ade89054b865','36','João Pedro',15,0,0,1,NULL,'2024-06-28 17:45:39'),('08dca24b-7efa-4c7b-8962-64cf43a594bc','859fb385-f865-4deb-907f-6da4bce1ea18',0,'7207f14a-06e6-47ec-96fc-b3983c5a10c6','33','Gabriel Duarte',15,0,0,1,NULL,'2024-06-28 17:45:50'),('08dca24b-7efa-4c81-80a7-21a90e0d9de3','859fb385-f865-4deb-907f-6da4bce1ea18',0,'7207f14a-06e6-47ec-96fc-b3983c5a10c6','33','Gabriel Duarte',15,0,0,1,NULL,'2024-07-04 09:17:04'),('08dca24b-7efa-4c86-829e-f82ed1029c0c','859fb385-f865-4deb-907f-6da4bce1ea18',0,'bf89b876-5262-45d8-a20f-ade89054b865','36','João Pedro',15,0,0,1,NULL,'2024-07-04 09:22:00'),('08dca24b-7efa-4c8a-8c80-baec795d9478','859fb385-f865-4deb-907f-6da4bce1ea18',0,'bf89b876-5262-45d8-a20f-ade89054b865','36','João Pedro',15,0,0,1,NULL,'2024-07-04 12:50:39'),('08dca24b-7efa-4c8f-87fc-9050cc97697e','859fb385-f865-4deb-907f-6da4bce1ea18',0,'7207f14a-06e6-47ec-96fc-b3983c5a10c6','33','Gabriel Duarte',15,0,0,1,NULL,'2024-07-04 12:50:45'),('08dca24b-7efa-4c94-8482-8ad4cbc3ecc9','859fb385-f865-4deb-907f-6da4bce1ea18',0,'7207f14a-06e6-47ec-96fc-b3983c5a10c6','33','Gabriel Duarte',15,0,0,1,NULL,'2024-07-04 14:15:26'),('08dca24b-7efa-4c99-8f92-8ee590aaaaae','859fb385-f865-4deb-907f-6da4bce1ea18',0,'bf89b876-5262-45d8-a20f-ade89054b865','36','João Pedro',15,0,0,1,NULL,'2024-07-04 15:01:23'),('08dca24b-7efa-4c9e-8ead-8f8e822e233e','859fb385-f865-4deb-907f-6da4bce1ea18',0,'7207f14a-06e6-47ec-96fc-b3983c5a10c6','33','Gabriel Duarte',15,0,0,1,NULL,'2024-07-04 17:54:43'),('08dca24b-7efa-4ca3-897e-a2af938419a8','859fb385-f865-4deb-907f-6da4bce1ea18',0,'bf89b876-5262-45d8-a20f-ade89054b865','36','João Pedro',15,0,0,1,NULL,'2024-07-04 17:54:49'),('08dca24b-7efa-4ca8-8617-fa85db9e6dfe','859fb385-f865-4deb-907f-6da4bce1ea18',0,'7207f14a-06e6-47ec-96fc-b3983c5a10c6','33','Gabriel Duarte',15,0,0,1,NULL,'2024-07-05 09:09:22'),('08dca24b-7efa-4cac-8d8e-d57f0f88995d','859fb385-f865-4deb-907f-6da4bce1ea18',0,'bf89b876-5262-45d8-a20f-ade89054b865','36','João Pedro',15,0,0,1,NULL,'2024-07-05 11:31:27'),('08dca24b-7efa-4cb1-8837-5c841f49ca93','859fb385-f865-4deb-907f-6da4bce1ea18',0,'7207f14a-06e6-47ec-96fc-b3983c5a10c6','33','Gabriel Duarte',15,0,0,1,NULL,'2024-07-05 12:37:47'),('08dca24b-7efa-4cb6-8b7d-8b44f1aa0cf2','859fb385-f865-4deb-907f-6da4bce1ea18',0,'bf89b876-5262-45d8-a20f-ade89054b865','36','João Pedro',15,0,0,1,NULL,'2024-07-05 12:37:50'),('08dca24b-7efa-4cbc-88d2-4ac23c951914','859fb385-f865-4deb-907f-6da4bce1ea18',0,'bf89b876-5262-45d8-a20f-ade89054b865','36','João Pedro',15,0,0,1,NULL,'2024-07-05 14:05:12'),('08dca24b-7efa-4cc2-87d1-297ec1a1dec9','859fb385-f865-4deb-907f-6da4bce1ea18',0,'7207f14a-06e6-47ec-96fc-b3983c5a10c6','33','Gabriel Duarte',15,0,0,1,NULL,'2024-07-05 14:09:33'),('08dca24b-7efa-4cc9-81de-7be364d19e8c','859fb385-f865-4deb-907f-6da4bce1ea18',0,'bf89b876-5262-45d8-a20f-ade89054b865','36','João Pedro',15,0,0,1,NULL,'2024-07-05 14:11:48'),('08dca24b-7efa-4cce-84ba-9c7264b627a1','859fb385-f865-4deb-907f-6da4bce1ea18',0,'7207f14a-06e6-47ec-96fc-b3983c5a10c6','33','Gabriel Duarte',15,0,0,1,NULL,'2024-07-05 15:48:46'),('08dca24b-7efa-4cd3-83e3-c1096ad00ec4','859fb385-f865-4deb-907f-6da4bce1ea18',0,'7207f14a-06e6-47ec-96fc-b3983c5a10c6','33','Gabriel Duarte',15,0,0,1,NULL,'2024-07-05 17:59:51'),('08dca24b-7efa-4cd8-87a2-086adebdcd60','859fb385-f865-4deb-907f-6da4bce1ea18',0,'bf89b876-5262-45d8-a20f-ade89054b865','36','João Pedro',15,0,0,1,NULL,'2024-07-05 17:59:57'),('08dca24b-7efa-4cdd-8b32-ab27652f299c','859fb385-f865-4deb-907f-6da4bce1ea18',0,'7207f14a-06e6-47ec-96fc-b3983c5a10c6','33','Gabriel Duarte',15,0,0,1,NULL,'2024-07-08 09:12:49'),('08dca24b-7efa-4ce3-837e-c40107db24d5','859fb385-f865-4deb-907f-6da4bce1ea18',0,'bf89b876-5262-45d8-a20f-ade89054b865','36','João Pedro',15,0,0,1,NULL,'2024-07-08 09:14:33'),('08dca24b-7efa-4ce8-8e88-f8d4c712a0a4','859fb385-f865-4deb-907f-6da4bce1ea18',0,'bf89b876-5262-45d8-a20f-ade89054b865','36','João Pedro',15,0,0,1,NULL,'2024-07-08 12:58:24'),('08dca24b-7efa-4ced-8c6f-e40ed60c56b2','859fb385-f865-4deb-907f-6da4bce1ea18',0,'7207f14a-06e6-47ec-96fc-b3983c5a10c6','33','Gabriel Duarte',15,0,0,1,NULL,'2024-07-08 12:58:34'),('08dca24b-7efa-4cf4-8385-78634813f60c','859fb385-f865-4deb-907f-6da4bce1ea18',0,'7207f14a-06e6-47ec-96fc-b3983c5a10c6','33','Gabriel Duarte',15,0,0,1,NULL,'2024-07-08 14:16:48'),('08dca24b-7efa-4cfa-8143-cbd4f8a36fd2','859fb385-f865-4deb-907f-6da4bce1ea18',0,'bf89b876-5262-45d8-a20f-ade89054b865','36','João Pedro',15,0,0,1,NULL,'2024-07-08 15:01:53'),('08dca24b-7efa-4cff-8cc0-04dba77e8a39','859fb385-f865-4deb-907f-6da4bce1ea18',0,'7207f14a-06e6-47ec-96fc-b3983c5a10c6','33','Gabriel Duarte',15,0,0,1,NULL,'2024-07-08 16:34:05'),('08dca24b-7efa-4d04-8eb8-33b739243d0f','859fb385-f865-4deb-907f-6da4bce1ea18',0,'7207f14a-06e6-47ec-96fc-b3983c5a10c6','33','Gabriel Duarte',15,0,0,1,NULL,'2024-07-08 17:57:03'),('08dca24b-7efa-4d0a-8207-164c79920845','859fb385-f865-4deb-907f-6da4bce1ea18',0,'bf89b876-5262-45d8-a20f-ade89054b865','36','João Pedro',15,0,0,1,NULL,'2024-07-08 18:11:29'),('08dca24b-7efa-4d0f-891b-44847d4340e6','859fb385-f865-4deb-907f-6da4bce1ea18',0,'bf89b876-5262-45d8-a20f-ade89054b865','36','João Pedro',15,0,0,1,NULL,'2024-07-11 14:34:28'),('08dca24b-7efa-4d15-8063-695389465556','859fb385-f865-4deb-907f-6da4bce1ea18',0,'7207f14a-06e6-47ec-96fc-b3983c5a10c6','33','Gabriel Duarte',15,0,0,1,NULL,'2024-07-11 14:34:32'),('08dca24b-7efa-4d1a-86f0-0bbe996ca9d9','859fb385-f865-4deb-907f-6da4bce1ea18',0,'7207f14a-06e6-47ec-96fc-b3983c5a10c6','33','Gabriel Duarte',15,0,0,1,NULL,'2024-07-11 17:56:20'),('08dca24b-7efa-4d20-8835-23586cfa58ea','859fb385-f865-4deb-907f-6da4bce1ea18',0,'bf89b876-5262-45d8-a20f-ade89054b865','36','João Pedro',15,0,0,1,NULL,'2024-07-11 17:56:24'),('08dca24b-7efa-4d26-876f-72ca544444c6','859fb385-f865-4deb-907f-6da4bce1ea18',0,'bf89b876-5262-45d8-a20f-ade89054b865','36','João Pedro',15,0,0,1,NULL,'2024-07-12 09:09:20'),('08dca24b-7efa-4d2b-801c-22b6a2c17763','859fb385-f865-4deb-907f-6da4bce1ea18',0,'7207f14a-06e6-47ec-96fc-b3983c5a10c6','33','Gabriel Duarte',15,0,0,1,NULL,'2024-07-12 09:09:25'),('08dca706-3187-4c73-8fd9-7e51fd208476','859fb385-f865-4deb-907f-6da4bce1ea18',0,'7207f14a-06e6-47ec-96fc-b3983c5a10c6','33','Gabriel Duarte',15,0,0,1,NULL,'2024-07-12 12:49:26'),('08dca706-3188-4d17-8ad8-483ac01f1b6a','859fb385-f865-4deb-907f-6da4bce1ea18',0,'bf89b876-5262-45d8-a20f-ade89054b865','36','João Pedro',15,0,0,1,NULL,'2024-07-12 12:49:55'),('08dca706-3188-4d4b-85be-14dac11b7508','859fb385-f865-4deb-907f-6da4bce1ea18',0,'7207f14a-06e6-47ec-96fc-b3983c5a10c6','33','Gabriel Duarte',15,0,0,1,NULL,'2024-07-12 14:31:51'),('08dca706-3188-4d52-8a68-29885c58afb2','859fb385-f865-4deb-907f-6da4bce1ea18',0,'bf89b876-5262-45d8-a20f-ade89054b865','36','João Pedro',15,0,0,1,NULL,'2024-07-12 15:00:37'),('08dca706-3188-4d5e-8379-a92b42e51f8f','859fb385-f865-4deb-907f-6da4bce1ea18',0,'7207f14a-06e6-47ec-96fc-b3983c5a10c6','33','Gabriel Duarte',15,0,0,1,NULL,'2024-07-12 17:41:35'),('08dca706-3188-4d62-8a20-3295c2b2957f','859fb385-f865-4deb-907f-6da4bce1ea18',0,'bf89b876-5262-45d8-a20f-ade89054b865','36','João Pedro',15,0,0,1,NULL,'2024-07-12 17:41:40'),('08dca706-3188-4d66-89f7-2d06762f118f','859fb385-f865-4deb-907f-6da4bce1ea18',0,'7207f14a-06e6-47ec-96fc-b3983c5a10c6','33','Gabriel Duarte',15,0,0,1,NULL,'2024-07-17 09:37:55'),('08dca706-3188-4d73-8ded-78f1759655f2','859fb385-f865-4deb-907f-6da4bce1ea18',0,'7207f14a-06e6-47ec-96fc-b3983c5a10c6','33','Gabriel Duarte',15,0,0,1,NULL,'2024-07-17 11:58:16'),('08dca706-3188-4d78-8eb3-c500531af4d5','859fb385-f865-4deb-907f-6da4bce1ea18',0,'7207f14a-06e6-47ec-96fc-b3983c5a10c6','33','Gabriel Duarte',15,0,0,1,NULL,'2024-07-17 14:08:07'),('08dca706-3188-4d7d-85ee-00fb22371864','859fb385-f865-4deb-907f-6da4bce1ea18',0,'7207f14a-06e6-47ec-96fc-b3983c5a10c6','33','Gabriel Duarte',15,0,0,1,NULL,'2024-07-17 18:10:43'),('08dca706-3188-4d82-8925-3877e013c96f','859fb385-f865-4deb-907f-6da4bce1ea18',0,'7207f14a-06e6-47ec-96fc-b3983c5a10c6','33','Gabriel Duarte',15,0,0,1,NULL,'2024-07-18 09:12:40'),('08dca706-3188-4d8e-8af4-9342746cc1c6','859fb385-f865-4deb-907f-6da4bce1ea18',0,'bf89b876-5262-45d8-a20f-ade89054b865','36','João Pedro',15,0,0,1,NULL,'2024-07-18 09:25:38'),('08dcacba-d9c5-4c5d-8c73-0fbe96cf170b','7bb35d4b-ccb3-4904-97f8-a9bf55e3af52',1,'bf89b876-5262-45d8-a20f-ade89054b865','36','João Pedro',0,1,2,1,NULL,'2024-07-24 00:00:00'),('08dcacba-d9c5-4c65-8010-b9c033cc8fa2','7bb35d4b-ccb3-4904-97f8-a9bf55e3af52',1,'bf89b876-5262-45d8-a20f-ade89054b865','36','João Pedro',0,1,0,1,NULL,'2024-07-25 00:00:00'),('08dcacbc-e13d-42d8-855d-f86178a28eb6','7bb35d4b-ccb3-4904-97f8-a9bf55e3af52',1,'bf89b876-5262-45d8-a20f-ade89054b865','36','João Pedro',0,1,2,1,NULL,'2024-07-23 23:00:00'),('08dcacbc-e13d-42db-8ff1-331ec3b51c89','7bb35d4b-ccb3-4904-97f8-a9bf55e3af52',1,'bf89b876-5262-45d8-a20f-ade89054b865','36','João Pedro',0,1,0,1,NULL,'2024-07-24 23:00:00');
/*!40000 ALTER TABLE `employeeattendancetimes` ENABLE KEYS */;
UNLOCK TABLES;

--
-- Table structure for table `employees`
--

DROP TABLE IF EXISTS `employees`;
/*!40101 SET @saved_cs_client     = @@character_set_client */;
/*!50503 SET character_set_client = utf8mb4 */;
CREATE TABLE `employees` (
  `EmployeeID` char(36) CHARACTER SET ascii NOT NULL,
  `EnrollNumber` longtext,
  `Name` varchar(150) NOT NULL,
  `ShortName` varchar(50) NOT NULL,
  `NameAcronym` varchar(5) DEFAULT NULL,
  `Comments` varchar(50) DEFAULT NULL,
  `Photo` longtext,
  `Address` varchar(50) DEFAULT NULL,
  `ZIPcode` longtext,
  `Locality` varchar(50) DEFAULT NULL,
  `Village` varchar(50) DEFAULT NULL,
  `District` varchar(50) DEFAULT NULL,
  `Phone` int(11) DEFAULT NULL,
  `Mobile` int(11) DEFAULT NULL,
  `Email` longtext,
  `Birthday` datetime DEFAULT NULL,
  `Nationality` longtext,
  `Gender` tinyint(4) DEFAULT NULL,
  `BInumber` longtext,
  `BIissuance` datetime DEFAULT NULL,
  `BIValidity` datetime DEFAULT NULL,
  `NIF` int(11) DEFAULT NULL,
  `AdmissionDate` datetime DEFAULT NULL,
  `ExitDate` datetime DEFAULT NULL,
  `RGPDAut` tinyint(4) DEFAULT NULL,
  `Status` tinyint(4) DEFAULT NULL,
  `StatusEmail` tinyint(4) DEFAULT NULL,
  `Type` longtext,
  `StatusFprint` tinyint(4) DEFAULT NULL,
  `StatusFace` tinyint(4) DEFAULT NULL,
  `StatusPalm` tinyint(4) DEFAULT NULL,
  `DepartmentId` char(36) CHARACTER SET ascii DEFAULT NULL,
  `ProfessionId` char(36) CHARACTER SET ascii DEFAULT NULL,
  `CategoryId` char(36) CHARACTER SET ascii DEFAULT NULL,
  `GroupId` char(36) CHARACTER SET ascii DEFAULT NULL,
  `ZoneId` char(36) CHARACTER SET ascii DEFAULT NULL,
  `ExternalEntityId` char(36) CHARACTER SET ascii DEFAULT NULL,
  PRIMARY KEY (`EmployeeID`),
  KEY `IX_Employees_CategoryId` (`CategoryId`),
  KEY `IX_Employees_DepartmentId` (`DepartmentId`),
  KEY `IX_Employees_ExternalEntityId` (`ExternalEntityId`),
  KEY `IX_Employees_GroupId` (`GroupId`),
  KEY `IX_Employees_ProfessionId` (`ProfessionId`),
  KEY `IX_Employees_ZoneId` (`ZoneId`),
  CONSTRAINT `FK_Employees_Categories_CategoryId` FOREIGN KEY (`CategoryId`) REFERENCES `categories` (`CategoryID`) ON DELETE CASCADE,
  CONSTRAINT `FK_Employees_Departments_DepartmentId` FOREIGN KEY (`DepartmentId`) REFERENCES `departments` (`DepartmentID`) ON DELETE CASCADE,
  CONSTRAINT `FK_Employees_ExternalEntities_ExternalEntityId` FOREIGN KEY (`ExternalEntityId`) REFERENCES `externalentities` (`ExternalEntityID`) ON DELETE CASCADE,
  CONSTRAINT `FK_Employees_Groups_GroupId` FOREIGN KEY (`GroupId`) REFERENCES `groups` (`GroupID`) ON DELETE CASCADE,
  CONSTRAINT `FK_Employees_Professions_ProfessionId` FOREIGN KEY (`ProfessionId`) REFERENCES `professions` (`ProfessionID`) ON DELETE CASCADE,
  CONSTRAINT `FK_Employees_Zones_ZoneId` FOREIGN KEY (`ZoneId`) REFERENCES `zones` (`ZoneID`) ON DELETE CASCADE
) ENGINE=InnoDB DEFAULT CHARSET=utf8mb4;
/*!40101 SET character_set_client = @saved_cs_client */;

--
-- Dumping data for table `employees`
--

LOCK TABLES `employees` WRITE;
/*!40000 ALTER TABLE `employees` DISABLE KEYS */;
INSERT INTO `employees` VALUES ('01cafd90-3f4d-4329-81bf-04957083f82b','30','Eduarda','Eduarda',NULL,NULL,NULL,NULL,NULL,NULL,NULL,NULL,NULL,NULL,NULL,'1995-10-21 00:00:00',NULL,NULL,NULL,NULL,NULL,NULL,NULL,NULL,1,1,1,'Funcionário',0,1,0,'3b0a0f2b-5ebc-4eb0-b14a-334131a3c191','85a7ca54-96b9-462c-8f28-96da19d3e98c',NULL,'8dd498c5-d9e0-47a6-ae09-059cd1469e7b',NULL,NULL),('03628de9-b55f-4de6-8e4e-d42859d596de','25','João Shirley','João',NULL,NULL,NULL,NULL,NULL,NULL,NULL,NULL,NULL,NULL,NULL,'1975-08-11 00:00:00',NULL,NULL,NULL,NULL,NULL,NULL,NULL,NULL,1,1,1,'Funcionário Externo',0,1,0,'883d6772-a512-4e49-912a-21c1fe579b13','f02f0123-f7d8-453a-83e8-40b719c4a5b4',NULL,'c48f6267-cf94-4c14-bc03-25f887e73d5c',NULL,NULL),('0bb7edde-7127-401d-8083-a23b0c445afb','27','Andre','Andre',NULL,NULL,NULL,NULL,NULL,NULL,NULL,NULL,NULL,NULL,NULL,'1971-06-25 00:00:00',NULL,NULL,NULL,NULL,NULL,NULL,NULL,NULL,1,1,1,'Utente',0,1,0,'3b0a0f2b-5ebc-4eb0-b14a-334131a3c191','85a7ca54-96b9-462c-8f28-96da19d3e98c',NULL,'8dd498c5-d9e0-47a6-ae09-059cd1469e7b',NULL,NULL),('1bc42256-1392-4bf8-8a8a-c28a6b199fe5','26','Diogo','Diogo',NULL,NULL,NULL,NULL,NULL,NULL,NULL,NULL,NULL,NULL,NULL,'1970-11-09 00:00:00',NULL,NULL,NULL,NULL,NULL,NULL,NULL,NULL,1,1,1,'Visitante',0,1,0,'883d6772-a512-4e49-912a-21c1fe579b13','f02f0123-f7d8-453a-83e8-40b719c4a5b4',NULL,'c48f6267-cf94-4c14-bc03-25f887e73d5c',NULL,NULL),('513b44ea-05ec-47f7-be16-035a5ef17fd2','28','Rúben','Rúben',NULL,NULL,NULL,NULL,NULL,NULL,NULL,NULL,NULL,NULL,NULL,'1963-04-24 00:00:00',NULL,NULL,NULL,NULL,NULL,NULL,NULL,NULL,1,1,1,'Contacto',0,1,0,'3b0a0f2b-5ebc-4eb0-b14a-334131a3c191','85a7ca54-96b9-462c-8f28-96da19d3e98c',NULL,'8dd498c5-d9e0-47a6-ae09-059cd1469e7b',NULL,NULL),('62d208ba-dd5f-46c6-a02f-a179fbe47b55','29','Rodrigo','Rodrigo',NULL,NULL,NULL,NULL,NULL,NULL,NULL,NULL,NULL,NULL,NULL,'1983-12-07 00:00:00',NULL,NULL,NULL,NULL,NULL,NULL,NULL,NULL,1,1,1,'Provisório',0,1,0,'883d6772-a512-4e49-912a-21c1fe579b13','f02f0123-f7d8-453a-83e8-40b719c4a5b4',NULL,'c48f6267-cf94-4c14-bc03-25f887e73d5c',NULL,NULL),('654f4a3f-7a10-4864-81bc-31c2130f42f0','23','Lia Len','Lia',NULL,NULL,NULL,NULL,NULL,NULL,NULL,NULL,NULL,NULL,NULL,'1999-08-27 00:00:00',NULL,NULL,NULL,NULL,NULL,NULL,NULL,NULL,1,1,1,'Funcionário',0,1,0,'3b0a0f2b-5ebc-4eb0-b14a-334131a3c191','85a7ca54-96b9-462c-8f28-96da19d3e98c',NULL,'8dd498c5-d9e0-47a6-ae09-059cd1469e7b',NULL,NULL),('6a30d24a-82a6-45dc-8d92-f2ada81ba78b','6','Matias Clementino','Matias Clementino',NULL,NULL,NULL,NULL,NULL,NULL,NULL,NULL,NULL,NULL,NULL,'1994-01-26 00:00:00',NULL,NULL,NULL,NULL,NULL,NULL,NULL,NULL,1,1,1,'Funcionário Externo',0,0,0,'883d6772-a512-4e49-912a-21c1fe579b13','f02f0123-f7d8-453a-83e8-40b719c4a5b4',NULL,'c48f6267-cf94-4c14-bc03-25f887e73d5c',NULL,NULL),('6d3fdf36-0f5b-4ce6-a217-3a395f3cc534','22','Norberto Pinto','Norberto Pinto',NULL,NULL,NULL,NULL,NULL,NULL,NULL,NULL,NULL,NULL,NULL,'1973-12-08 00:00:00',NULL,NULL,NULL,NULL,NULL,NULL,NULL,NULL,1,1,1,'Utente',0,1,0,'3b0a0f2b-5ebc-4eb0-b14a-334131a3c191','85a7ca54-96b9-462c-8f28-96da19d3e98c',NULL,'8dd498c5-d9e0-47a6-ae09-059cd1469e7b',NULL,NULL),('7207f14a-06e6-47ec-96fc-b3983c5a10c6','33','Gabriel Duarte','Gabriel Duarte',NULL,NULL,NULL,NULL,NULL,NULL,NULL,NULL,NULL,NULL,NULL,'1988-05-05 00:00:00',NULL,NULL,NULL,NULL,NULL,NULL,NULL,NULL,1,1,1,'Visitante',0,1,0,'883d6772-a512-4e49-912a-21c1fe579b13','f02f0123-f7d8-453a-83e8-40b719c4a5b4',NULL,'c48f6267-cf94-4c14-bc03-25f887e73d5c',NULL,NULL),('bf89b876-5262-45d8-a20f-ade89054b865','36','João Pedro','João Pedro',NULL,NULL,NULL,NULL,NULL,NULL,NULL,NULL,NULL,NULL,NULL,'1995-07-19 00:00:00',NULL,NULL,NULL,NULL,NULL,NULL,NULL,NULL,1,1,1,'Contacto',0,1,0,'3b0a0f2b-5ebc-4eb0-b14a-334131a3c191','85a7ca54-96b9-462c-8f28-96da19d3e98c',NULL,'8dd498c5-d9e0-47a6-ae09-059cd1469e7b',NULL,NULL),('d8b07338-04da-4de4-a9b7-de280895a56a','2','Gabriel Silva','Gabriel Silva',NULL,NULL,NULL,NULL,NULL,NULL,NULL,NULL,NULL,NULL,NULL,'1969-11-07 00:00:00',NULL,NULL,NULL,NULL,NULL,NULL,NULL,NULL,1,1,1,'Provisório',1,0,0,'883d6772-a512-4e49-912a-21c1fe579b13','f02f0123-f7d8-453a-83e8-40b719c4a5b4',NULL,'c48f6267-cf94-4c14-bc03-25f887e73d5c',NULL,NULL),('e1c09570-9be1-4335-841a-e5ec4352946e','24','Bruno','Bruno',NULL,NULL,NULL,NULL,NULL,NULL,NULL,NULL,NULL,NULL,NULL,'1989-03-20 00:00:00',NULL,NULL,NULL,NULL,NULL,NULL,NULL,NULL,1,1,1,'Funcionário',0,1,0,'3b0a0f2b-5ebc-4eb0-b14a-334131a3c191','85a7ca54-96b9-462c-8f28-96da19d3e98c',NULL,'8dd498c5-d9e0-47a6-ae09-059cd1469e7b',NULL,NULL);
/*!40000 ALTER TABLE `employees` ENABLE KEYS */;
UNLOCK TABLES;

--
-- Table structure for table `employeescards`
--

DROP TABLE IF EXISTS `employeescards`;
/*!40101 SET @saved_cs_client     = @@character_set_client */;
/*!50503 SET character_set_client = utf8mb4 */;
CREATE TABLE `employeescards` (
  `CardId` char(36) CHARACTER SET ascii NOT NULL,
  `EmployeeId` char(36) CHARACTER SET ascii NOT NULL,
  `DevicePassword` longtext,
  `DevicePrivelage` int(11) DEFAULT NULL,
  `DeviceEnabled` tinyint(1) DEFAULT NULL,
  `CardNumber` longtext,
  PRIMARY KEY (`CardId`)
) ENGINE=InnoDB DEFAULT CHARSET=utf8mb4;
/*!40101 SET character_set_client = @saved_cs_client */;

--
-- Dumping data for table `employeescards`
--

LOCK TABLES `employeescards` WRITE;
/*!40000 ALTER TABLE `employeescards` DISABLE KEYS */;
INSERT INTO `employeescards` VALUES ('08dcabc2-9c7f-4f7f-8f03-2026fda8cca2','08dcabc2-9c64-4a3c-8fb1-6091400dfd41',NULL,NULL,NULL,NULL),('08dcabc2-e5d8-421a-8252-187282e98457','08dcabc2-e5c5-4ac2-8ccc-f4b1cbcec0ae',NULL,NULL,NULL,NULL),('08dcabc6-b50e-4fb6-8e79-113aa63e9936','08dcabc6-b4f6-40f1-86af-84d2d99c6ae9',NULL,NULL,NULL,NULL),('08dcabc6-c4eb-48b6-89af-174f25b91889','08dcabc6-c4d9-4677-8646-2d9639c0e459',NULL,NULL,NULL,NULL),('08dcabc7-2957-4353-8ff9-ec29ae5ad7c3','08dcabc7-2942-46a5-8520-5e95e9eee43c',NULL,NULL,NULL,NULL),('08dcabc7-aa40-40d8-88bc-ea0537633355','08dcabc7-aa1e-417d-8db9-70ee3ebab9bf',NULL,NULL,NULL,NULL),('08dcabc8-09f8-4ceb-81f8-7408105e332e','08dcabc8-09dc-4068-8a98-6c5bfdeec3d0',NULL,NULL,NULL,NULL),('08dcabc8-2f2a-4be4-80e3-5ea5833935e2','08dcabc8-2f13-41dc-8ac5-047088667f89',NULL,NULL,NULL,NULL),('08dcabc8-3c53-48a3-8727-5feca2196ae0','08dcabc8-3c3a-4fda-8bee-f545623a2401',NULL,NULL,NULL,NULL),('08dcabc9-0fcd-4571-8ea0-1fd57481f378','08dcabc9-0fab-4817-8003-04b073891500',NULL,NULL,NULL,NULL),('08dcabc9-2679-4da2-8f53-a5d9082bb1fe','08dcabc9-265b-4b2f-88a3-1fb4388076e7',NULL,NULL,NULL,NULL),('08dcabc9-c673-4d2d-816c-9b6c61497d3a','08dcabc9-c65c-41f1-8071-62209d97a021',NULL,NULL,NULL,NULL),('08dcabc9-fdeb-42f0-84da-a55ceb010249','08dcabc9-fdbf-4b83-84d1-8933675be873',NULL,NULL,NULL,NULL),('08dcabca-0767-4fa4-8f8c-a3dc44578fc8','08dcabca-0742-40fb-8279-2341a010e389',NULL,NULL,NULL,NULL),('08dcabe8-75c5-4a50-82c2-8ff0b10434b4','08dcabe8-759e-4d73-8a4c-2751f483abf6',NULL,NULL,NULL,NULL),('2080f3f1-1654-4497-95d3-49ec79938f5a','0bb7edde-7127-401d-8083-a23b0c445afb','',0,1,'0'),('2e6d8830-b622-42bb-bb67-a2f9e74523b7','7207f14a-06e6-47ec-96fc-b3983c5a10c6','',0,1,'0'),('322e48f7-ab6a-437e-b228-ba479f331ca0','bf89b876-5262-45d8-a20f-ade89054b865','1111',0,1,'0270'),('543336eb-2230-4621-92a1-bff58e4661cb','6a30d24a-82a6-45dc-8d92-f2ada81ba78b','',0,1,'1234567'),('5bcaa8e1-3e2e-40dc-8a6c-39dc7ed9a5bb','d8b07338-04da-4de4-a9b7-de280895a56a','',0,1,'0'),('7f24baa0-c31f-4e6c-a832-e4e7e34ddcb7','62d208ba-dd5f-46c6-a02f-a179fbe47b55','',0,1,'0'),('973e308c-d48b-454f-9a68-2ceac398a4b2','01cafd90-3f4d-4329-81bf-04957083f82b','',0,1,'0'),('a8e0beb2-636c-4c4d-8d03-f0d10cf6c32f','03628de9-b55f-4de6-8e4e-d42859d596de','',0,1,'0'),('b8540b9e-8974-4461-b82f-8b5655ecf58d','1bc42256-1392-4bf8-8a8a-c28a6b199fe5','',0,1,'0'),('d1f04a02-fcef-470f-8639-adba0f9f2b89','654f4a3f-7a10-4864-81bc-31c2130f42f0','',0,1,'0'),('deb8e33a-5abc-476b-91f9-a96b1bd3e57c','513b44ea-05ec-47f7-be16-035a5ef17fd2','',0,1,'0'),('e37ea7ba-b9e6-4b91-b2ca-14a53f4b9c74','6d3fdf36-0f5b-4ce6-a217-3a395f3cc534','',0,1,'6805127'),('f49978a3-00ff-428f-b16a-18b4d38d0cdf','e1c09570-9be1-4335-841a-e5ec4352946e','',0,1,'0');
/*!40000 ALTER TABLE `employeescards` ENABLE KEYS */;
UNLOCK TABLES;

--
-- Table structure for table `employeesdevices`
--

DROP TABLE IF EXISTS `employeesdevices`;
/*!40101 SET @saved_cs_client     = @@character_set_client */;
/*!50503 SET character_set_client = utf8mb4 */;
CREATE TABLE `employeesdevices` (
  `EmployeeID` char(36) CHARACTER SET ascii NOT NULL,
  `DeviceID` char(36) CHARACTER SET ascii NOT NULL,
  `DeviceNumber` int(11) DEFAULT NULL,
  `DeviceSN` longtext,
  `DeviceName` longtext,
  `EmployeeDeviceId` longtext,
  `EnrollNumber` longtext,
  `EmployeeName` longtext,
  `StartTime` datetime DEFAULT NULL,
  `EndTime` datetime DEFAULT NULL,
  PRIMARY KEY (`EmployeeID`,`DeviceID`),
  KEY `IX_EmployeesDevices_DeviceID` (`DeviceID`),
  CONSTRAINT `FK_EmployeesDevices_Devices_DeviceID` FOREIGN KEY (`DeviceID`) REFERENCES `devices` (`ZktecoDeviceID`) ON DELETE CASCADE,
  CONSTRAINT `FK_EmployeesDevices_Employees_EmployeeID` FOREIGN KEY (`EmployeeID`) REFERENCES `employees` (`EmployeeID`) ON DELETE CASCADE
) ENGINE=InnoDB DEFAULT CHARSET=utf8mb4;
/*!40101 SET character_set_client = @saved_cs_client */;

--
-- Dumping data for table `employeesdevices`
--

LOCK TABLES `employeesdevices` WRITE;
/*!40000 ALTER TABLE `employeesdevices` DISABLE KEYS */;
INSERT INTO `employeesdevices` VALUES ('01cafd90-3f4d-4329-81bf-04957083f82b','7bb35d4b-ccb3-4904-97f8-a9bf55e3af52',1,NULL,'S920',NULL,'30','Eduarda',NULL,NULL),('03628de9-b55f-4de6-8e4e-d42859d596de','7bb35d4b-ccb3-4904-97f8-a9bf55e3af52',1,NULL,'S920',NULL,'25','João',NULL,NULL),('0bb7edde-7127-401d-8083-a23b0c445afb','7bb35d4b-ccb3-4904-97f8-a9bf55e3af52',1,NULL,'S920',NULL,'27','Andre',NULL,NULL),('1bc42256-1392-4bf8-8a8a-c28a6b199fe5','7bb35d4b-ccb3-4904-97f8-a9bf55e3af52',1,NULL,'S920',NULL,'26','Diogo',NULL,NULL),('513b44ea-05ec-47f7-be16-035a5ef17fd2','7bb35d4b-ccb3-4904-97f8-a9bf55e3af52',1,NULL,'S920',NULL,'28','Rúben',NULL,NULL),('62d208ba-dd5f-46c6-a02f-a179fbe47b55','7bb35d4b-ccb3-4904-97f8-a9bf55e3af52',1,NULL,'S920',NULL,'29','Rodrigo',NULL,NULL),('654f4a3f-7a10-4864-81bc-31c2130f42f0','7bb35d4b-ccb3-4904-97f8-a9bf55e3af52',1,NULL,'S920',NULL,'23','Lia',NULL,NULL),('6a30d24a-82a6-45dc-8d92-f2ada81ba78b','7bb35d4b-ccb3-4904-97f8-a9bf55e3af52',1,NULL,'S920',NULL,'6','Matias Clementino',NULL,NULL),('6d3fdf36-0f5b-4ce6-a217-3a395f3cc534','7bb35d4b-ccb3-4904-97f8-a9bf55e3af52',1,NULL,'S920',NULL,'22','Norberto Pinto',NULL,NULL),('7207f14a-06e6-47ec-96fc-b3983c5a10c6','7bb35d4b-ccb3-4904-97f8-a9bf55e3af52',1,NULL,'S920',NULL,'33','Gabriel Duarte',NULL,NULL),('bf89b876-5262-45d8-a20f-ade89054b865','7bb35d4b-ccb3-4904-97f8-a9bf55e3af52',1,NULL,'S920',NULL,'36','João Pedro',NULL,NULL),('d8b07338-04da-4de4-a9b7-de280895a56a','7bb35d4b-ccb3-4904-97f8-a9bf55e3af52',1,NULL,' ',NULL,'2','Gabriel Silva',NULL,NULL),('e1c09570-9be1-4335-841a-e5ec4352946e','7bb35d4b-ccb3-4904-97f8-a9bf55e3af52',1,NULL,'S920',NULL,'24','Bruno',NULL,NULL);
/*!40000 ALTER TABLE `employeesdevices` ENABLE KEYS */;
UNLOCK TABLES;

--
-- Table structure for table `employeesfaces`
--

DROP TABLE IF EXISTS `employeesfaces`;
/*!40101 SET @saved_cs_client     = @@character_set_client */;
/*!50503 SET character_set_client = utf8mb4 */;
CREATE TABLE `employeesfaces` (
  `FaceId` char(36) CHARACTER SET ascii NOT NULL,
  `EmployeeId` char(36) CHARACTER SET ascii NOT NULL,
  `FaceTmpIndex` int(11) NOT NULL,
  `FaceTmpData` longtext NOT NULL,
  `FaceTmpLength` int(11) NOT NULL,
  PRIMARY KEY (`FaceId`)
) ENGINE=InnoDB DEFAULT CHARSET=utf8mb4;
/*!40101 SET character_set_client = @saved_cs_client */;

--
-- Dumping data for table `employeesfaces`
--

LOCK TABLES `employeesfaces` WRITE;
/*!40000 ALTER TABLE `employeesfaces` DISABLE KEYS */;
INSERT INTO `employeesfaces` VALUES ('08dca24b-6567-4eee-82b3-2cc04676f64f','6d3fdf36-0f5b-4ce6-a217-3a395f3cc534',50,'MAIBAAABAAAAAAAAAAAAAGqVARAwAoSCCQAjBAE8EwB6am5lFwseJygpKissLy4vMDEyMzQ1Njc4OTo7PD0T1s3KydIaEDlRcxc+JM3/+W7bI2AlI84s02wL39Q4DsYjHGFL6fMY8gL7BtgKQPuscB1dLSgm8lry++UB6tLsxPX71AXk+94g/trU7hP+CKCoCcyr6QP/DhnGGTyw/O3wCzrC0Pc91TpK2hv24/wFBxEKE9Dh5gToPYbLIxTpzuhk+kFo9e5qtZO0dGvb9ZRKYaG9z5Wkjla0TVors6+mebN2bJ9QyXZ0s2ZCaJA2sQZdpzd8XZawybSYuI16d4l0k7Kkd1tMkY97lzWPxVKAmFt+tFdvmEdufZxnTmVTeKqQXEW4eE5hPEGjSqmib1m3dZi6tFZDY2aV9VC2qUtoQGaDPC3TzMY5ajvEJZ847YcR2ScP2jXY0xh6LlrBMgwEOOwvSvL/8Mjk71vE4/0hRNbBAAQk7fKx9tkbVv3scgsUAiDpGAwC9ujj/iv76EgPJdn1DAizxt0YNU3BBSkNFjQ+2zcCMtDQ3iwIK84wzTvGsMoyziFVEznhNzUX0OLYzrhIGfr/ncaIV1VdaLajDmKju1h6KW+uplKIZwN5TKOgc6+dkPKr1bif/9aWfoOxXGEBU2yfxYrGkrBiK7xx23JkX5x5S4JifnFee3JTYdU+bJmOgr+0SpeGU34CXGR1Dl+IW2FkaMBgq+NIs0xMVIKTbp6CXFWi/HNiPAiOg2f2AAAAAAAAAAAAAAAAAAAAAAAAAAAAAAAAAAAAAAAAAAAAAAAAAAAAAAAAAAAAAAAAAAAAAAAAAAAAAAAAAAAAAAAAAAAAAAAAAAAAAAAAAAAAAAAAAAAAAAAAAAAAAAAAAAAAAAAAAAAAAAAAAAAAAAAAAAAAAAAAAAAAAAAAAAAAAAAAAAAAAAAAAAAAAAAAAAAAAAAAAAAAAAAAAAAAAAAAAAAAAAAAAAAAAAAAAAAAAAAAAAAAAAAAAAAAAAAAAAAAAAAAAAAAAAAAAAAAAAAAAAAAAAAAAAAAAAAAAAAAAAAAAAAAAAAAAAAAAAAAAAAAAAAAAAAAAAAAAAAAAAAAAAAAAAAAAAAAAAAAAAAAAAAAAAAAAAAAAAAAAAAAAAAAAAAAAAAAAAAAAAAAAAAAAAAAAAAAAAAAAAAAAAAAAAAAAAAAAAAAAAAAAAAAAAAAAAAAAAAAAAAAAAAAAAAAAAAAAAAAAAAAAAAAAAAAAAAAAAAAAAAAAAAAAAAAAAAAAAAAAAAAAAAAAAAAAAAAAAAAAAAAAAAAAAAAAAAAAAAAAAAAAAAAAAAAAAAAAAAAAAAAAAAAAAAAAAAAAAAAAAAAAAAAAAAAAAAAAAAAAAAAAAAAAAAAAAAAAAAAAAAAAAAAAAAAAAAAAAAAAAAAAAAAAAAAAAAAAAAAAAAAAAAAAAAAAAAAAAAAAAAAAAAAAAAAAAAAAAAAAAAAAAAAAAAAAAAAAAAAAAAAAAAAAAAAAAAAAAAAAAAAAAAAAAAAAAAAAAAAAAAAAAAAAAAAAAAAAAAAAAAAAAAAAAAAAAAAAAAAAAAAAAAAAAAAAAAAAAAAAAAAAAAAAAAAAAAAAAAAAAAAAAAAAAAAAAAAAAAAAAAAAAAAAAAAAAAAAAAAAAAAAAAAAAAAAAAAAAAAAAAAAAAAAAAAAAAAAAAAAAAAAAAAAAAAAAAAAAAAAAAAAAAAAAAAAAAAAAAAAAAAAAAAAAAAAAAAAAAAAAAAAAAAAAAAAAAAAAAAAAAAAAAAAAAAAAAAAAAAAAAAAAAAAAAAAAAAAAAAAAAAAAAAAAAAAAAAAAAAAAAAAAAAAAAAAAAAAAAAAAAAAAAAAAAAAAAAAAAAAAAAAAAAAAAAAAAAAAAAAAAAAAAAAAAAAAAAAAAAAAAAAAAAAAAAAAAAAAAAAAAAAAAAAAAAAAAAAAAAAAAAAAAAAAAAAAAAAAAAAAAAAAAAAAAAAAAAAAAAAAAAAAAAAAAAAAAAAAAAAAAAAAAAAAAAAAAAAAAAAAAAAAAAAAAAAAAAAAAAAAAAAAAAAAAAAAAAAAAAAAAAAAAAAAAAAAAAAAAAAAAAAAAAAAAAAAAAAAAAAAAAAAAAAAAAAAAAAAAAAAAAAAAAAAAAAAAAAAAAAAAAAAAAAAAAAAAAAAAAAAAAAAAAAAAAAAAAAAAAAAAAAAAAAAAAAAAAAAAAAAAAAAAAAAAAAAAAAAAAAAAAAAAAAAAAAAAAAAAAAAAAAAAAAAAAAAAAAAAAAAAAAAAAAAAAAAAAAAAAAAAAAAAAAAAAAAAAAAAAAAAAAAAAAAAAAAAAAAAAAAAAAAAAAAAAAAAAAAAAAAAAAAAAAAAAAAAAAAAAAAAAAAAAAAAAAAAAAAAAAAAAAAAAAAAAAAAAAAAAAAAAAAAAAAAAAAAAAAAAAAAAAAAAAAAAAAAAAAAAAAAAAAAAAAAAAAAAAAAAAAAAAAAAAAAAAAAAAAAAAAAAAAAAAAAAAAAAAAAAAAAAAAAAAAAAAAAAAAAAAAAAAAAAAAAAAAAAAAAAAAAAAAAAAAAAAAAAAAAAAAAAAAAAAAAAAAAAAAAAAAAAAAAAAAAAAAAAAAAAAAAAAAAAAAAAAAAAAAAAAAAAAAAAAAAAAAAAAAAAAAAAAAAAAAAAAAAAAAAAAAAAAAAAAAAAAAAAAAAAAAAAAAAAAAAAAAAAAAAAAAAAAAAAAAAAAAAAAAAAAAAAAAAAAAAAAAAAAAAAAAAAAAAAAAAAAAAAAAAAAAAAAAAAAAAAAAAAAAAAAAAAAAAAAAAAAAAAAAAAAAAAAAAAAAAAAAAAAAAAAAAAAAAAAAAAAAAAAAAAAAAAAAAAAAAAAAAAAAAAAAAAAAAAAAAAAAAAAAAAAAAAAAAAAAAAAAAAAAAAAAAAAAAAAAAAAAAAAAAAAAAAAAAAAAAAAAAAAAAAAAAAAAAAAAAAAAAAAAAAAAAAAAAAAAAAAAAAAAAAAAAAAAAAAAAAAAAAAAAAAAAAAAAAAAAAAAAAAAAAAAAAAAAAAAAAAAAAAAAAAAAAAAAAAAAAAAAAAAAAAAAAAAAAAAAAAAAAAAAAAAAAAAAAAAAAAAAAAAAAAAAAAAAAAAAAAAAAAAAAAAAAAAAAAAAAAAAAAAAAAAAAAAAAAAAAAAAAAAAAAAAAAAAAAAAAAAAAAAAAAAAAAAAAAAAAAAAAAAAAAAAAAAAAAAAAAAAAAAAAAAAAAAAAAAAAAAAAAAAAAAAAAAAAAAAAAAAAAAAAAAAAAAAAAAAAAAAAAAAAAAAAAAAAAAAAAAAAAAAAAAAAAAAAAAAAAAAAAAAAAAAAAAAAAAAAAAAAAAAAAAAAAAAAAAAAAAAAAAAAAAAAAAAAAAAAAAAAAAAAAAAAAAAAAAAAAAAAAAAAAAAAAAA=',3436),('08dca24b-656a-4a47-8e7a-41b8ae2f879d','7207f14a-06e6-47ec-96fc-b3983c5a10c6',50,'MAIEAAABAAAAAAAAAAAAAGqVARAwAo9UCQAjBAF01gB6am5lFwseJygpKissLy4vMDEyMzQ1Njc4OTo7PD3X8x/qIODQ1OMZIHNqFjbTPAbx0jU729zBxGkR/Nlyxew2EGFc6+31osCz/clHERFMD6sMNTe4qx73ztAP87ciuQ0OEy3twin+AsvnFPn31jw9IApU+hbJr/vkphGo9Tw1UHUJ0z80zSfAaxnD7NHVJB/HHpSfIx0V5to/8FnYdd3RrvCrvkqq4KpsnFP/t15PYrCWlnShdQuBU6RltaK7qkGugr/YgaqFn41xl0dBumSUmIy2bHaFy1AlXJyuA8N/kY9+fooeI7CCc56IpF+XrFNC1HyRZYtsfZyAWnR4lppLdXe4yrO1ub1WpCVa9g+CYKphkm57YaassHG09V9+dnw4EDsgPfbv6jkn2O3CMfcoDiebCCjQxsc92Wo0IzzGCPUAGs/2MgMUQ/wN/PPPPAjz3D41H9zVztL1fj4gJTcYEhQ2xkEg5xbj8RjSEBj5EaunaBa+MAfB6uj46+RYDxLn1DE+PDAJ6FgUPAfQaCJ+8DLVPcf2VM7f+j06wIHTgUJQalaqm7XhoVi1ak6pXFa9UnemSZztdHWlbhp0jkJQp2lyzTGH34UpaYRhlrBMVYFBgUx8eDXWgIOhbslvpJC5l4ttm0NrTpxGmnkMZ4troryVvYCzKYmxZ5AnJ29yVHmsekgcQqxKUuwNbHSLt7DpiNJoRZ6hsJodbV0Yx5q+AAAAAAAAAAAAAAAAAAAAAAAAAAAAAAAAAAAAAAAAAAAAAAAAAAAAAAAAAAAAAAAAAAAAAAAAAAAAAAAAAAAAAAAAAAAAAAAAAAAAAAAAAAAAAAAAAAAAAAAAAAAAAAAAAAAAAAAAAAAAAAAAAAAAAAAAAAAAAAAAAAAAAAAAAAAAAAAAAAAAAAAAAAAAAAAAAAAAAAAAAAAAAAAAAAAAAAAAAAAAAAAAAAAAAAAAAAAAAAAAAAAAAAAAAAAAAAAAAAAAAAAAAAAAAAAAAAAAAAAAAAAAAAAAAAAAAAAAAAAAAAAAAAAAAAAAAAAAAAAAAAAAAAAAAAAAAAAAAAAAAAAAAAAAAAAAAAAAAAAAAAAAAAAAAAAAAAAAAAAAAAAAAAAAAAAAAAAAAAAAAAAAAAAAAAAAAAAAAAAAAAAAAAAAAAAAAAAAAAAAAAAAAAAAAAAAAAAAAAAAAAAAAAAAAAAAAAAAAAAAAAAAAAAAAAAAAAAAAAAAAAAAAAAAAAAAAAAAAAAAAAAAAAAAAAAAAAAAAAAAAAAAAAAAAAAAAAAAAAAAAAAAAAAAAAAAAAAAAAAAAAAAAAAAAAAAAAAAAAAAAAAAAAAAAAAAAAAAAAAAAAAAAAAAAAAAAAAAAAAAAAAAAAAAAAAAAAAAAAAAAAAAAAAAAAAAAAAAAAAAAAAAAAAAAAAAAAAAAAAAAAAAAAAAAAAAAAAAAAAAAAAAAAAAAAAAAAAAAAAAAAAAAAAAAAAAAAAAAAAAAAAAAAAAAAAAAAAAAAAAAAAAAAAAAAAAAAAAAAAAAAAAAAAAAAAAAAAAAAAAAAAAAAAAAAAAAAAAAAAAAAAAAAAAAAAAAAAAAAAAAAAAAAAAAAAAAAAAAAAAAAAAAAAAAAAAAAAAAAAAAAAAAAAAAAAAAAAAAAAAAAAAAAAAAAAAAAAAAAAAAAAAAAAAAAAAAAAAAAAAAAAAAAAAAAAAAAAAAAAAAAAAAAAAAAAAAAAAAAAAAAAAAAAAAAAAAAAAAAAAAAAAAAAAAAAAAAAAAAAAAAAAAAAAAAAAAAAAAAAAAAAAAAAAAAAAAAAAAAAAAAAAAAAAAAAAAAAAAAAAAAAAAAAAAAAAAAAAAAAAAAAAAAAAAAAAAAAAAAAAAAAAAAAAAAAAAAAAAAAAAAAAAAAAAAAAAAAAAAAAAAAAAAAAAAAAAAAAAAAAAAAAAAAAAAAAAAAAAAAAAAAAAAAAAAAAAAAAAAAAAAAAAAAAAAAAAAAAAAAAAAAAAAAAAAAAAAAAAAAAAAAAAAAAAAAAAAAAAAAAAAAAAAAAAAAAAAAAAAAAAAAAAAAAAAAAAAAAAAAAAAAAAAAAAAAAAAAAAAAAAAAAAAAAAAAAAAAAAAAAAAAAAAAAAAAAAAAAAAAAAAAAAAAAAAAAAAAAAAAAAAAAAAAAAAAAAAAAAAAAAAAAAAAAAAAAAAAAAAAAAAAAAAAAAAAAAAAAAAAAAAAAAAAAAAAAAAAAAAAAAAAAAAAAAAAAAAAAAAAAAAAAAAAAAAAAAAAAAAAAAAAAAAAAAAAAAAAAAAAAAAAAAAAAAAAAAAAAAAAAAAAAAAAAAAAAAAAAAAAAAAAAAAAAAAAAAAAAAAAAAAAAAAAAAAAAAAAAAAAAAAAAAAAAAAAAAAAAAAAAAAAAAAAAAAAAAAAAAAAAAAAAAAAAAAAAAAAAAAAAAAAAAAAAAAAAAAAAAAAAAAAAAAAAAAAAAAAAAAAAAAAAAAAAAAAAAAAAAAAAAAAAAAAAAAAAAAAAAAAAAAAAAAAAAAAAAAAAAAAAAAAAAAAAAAAAAAAAAAAAAAAAAAAAAAAAAAAAAAAAAAAAAAAAAAAAAAAAAAAAAAAAAAAAAAAAAAAAAAAAAAAAAAAAAAAAAAAAAAAAAAAAAAAAAAAAAAAAAAAAAAAAAAAAAAAAAAAAAAAAAAAAAAAAAAAAAAAAAAAAAAAAAAAAAAAAAAAAAAAAAAAAAAAAAAAAAAAAAAAAAAAAAAAAAAAAAAAAAAAAAAAAAAAAAAAAAAAAAAAAAAAAAAAAAAAAAAAAAAAAAAAAAAAAAAAAAAAAAAAAAAAAAAAAAAAAAAAAAAAAAAAAAAAAAAAAAAAAAAAAAAAAAAAAAAAAAAAAAAAAAAAAAAAAAAAAAAAAAAAAAAAAAAAAAAAAAAAAAAAAAAAAAAAAAAAAAAAAAAAAAAAAAAAAAAAAAAAAAAAAAAAAAAAAAAAAAAAAAAAAAAAAAAAAAAAAAAAAAAAAAAAAAAAAAAAAAAAAAAAAAAAAAAAAAAAAAAAAAAAAAAAAAAAAAAAAAAAAAAAAAAAAAAAAAAAAAAAAAAAAAAAAAAAAAAAAAAAAAAAAAAAAAAAAAAAAAAAAAAAAAAAAAAAAAAAAAAAAAAAAAAAAAAAAAAAAAAAAAAAAAAAAAAAAAAAAAAAAAAAAAAAAAAAAAAAAAAAAAAAAAAAAAAAAAAAAAAAAAAAAAAAAAAAAAAAAAAAAAAAAAAAAAAAAAAAAAAAAAAAAAAAAAAAAAAAAAAAAAAAAAAAAAAAAAAAAAAAAAAAAAAAAAAAAAAAAAAAAAAAAAAAAAAAAAAAAAAAAAAAAAAAAAAAAAAAAAAAAAAAAAAAAAAAAAAAAAAAAAAAAAAAAAAAAAAAAAAAAAAAAAAAAAAA=',3436),('08dca24b-656a-4bb6-899b-ba8624fa97a7','654f4a3f-7a10-4864-81bc-31c2130f42f0',50,'MAIOAAABAAAAAAAAAAAAAGqVARAwAsLtCQAjBAGwkgB6am5lFwseJygpKissLy4vMDEyMzQ1Njc4OTo7PD1tIBwoxNmexjMJ+SUjIDTDJ1zHPAabIOn0Odx+LdVqK80+OWHlwwMLFhHrPPAi+AE9HrAM3xf7DizyKR3sIN3KvN0O6ALz3EG+IrGlR0XcM8brNzv89ewA4/zq7wj1ySMXC/bH+wwB1S4bNQs17CuaEXk0NN0yBwfLGOvhKSHs0ToLg0RJt5Cfp0C9pEvUsLVgQ6su0qCkhAL8aapFaLWkR4YpcXu+ZmaFlrAWR1JolG6SfKGBQHVtX3Ota7pzWL2Keky5ntdxrXBxhKWaZYiuIkJ6ntQsToRnRJhuLLyUYtwoTR1AsKdLsYW6fp2J9ni5cN1/sPD3sfiVrHZs+0y6v1Q/NCPs0snD3XbVzOgXR+UwD8w3yQ8rmDATwDL1nhadGtnsOskF7PJ7ph/o4AolQf7NzCQQxQ7X7jXj6x8j8fseByWwBRtVN+PivAC1C/k1097C8z7LHjLpOeLktyVAiswa+t3WC5zGMt0GPfPFOw0s/ukgkTjeMosl3DEXZyscimL2T3uonKyVm5mUWbRkpZbka567fW98RHkVXERaQ2ZLvpOclqy4vEgnMWnUdr5RK4Z2SzJDm0fPloewbJJFdFitCXuFaIVhRrx0qJ+Vc5yNykS8YIa8faPXf59nmHRxu31dtkJnAM3ntZlYXlGSIMGeoI9lGEpBml97TnFZtJnUAAAAAAAAAAAAAAAAAAAAAAAAAAAAAAAAAAAAAAAAAAAAAAAAAAAAAAAAAAAAAAAAAAAAAAAAAAAAAAAAAAAAAAAAAAAAAAAAAAAAAAAAAAAAAAAAAAAAAAAAAAAAAAAAAAAAAAAAAAAAAAAAAAAAAAAAAAAAAAAAAAAAAAAAAAAAAAAAAAAAAAAAAAAAAAAAAAAAAAAAAAAAAAAAAAAAAAAAAAAAAAAAAAAAAAAAAAAAAAAAAAAAAAAAAAAAAAAAAAAAAAAAAAAAAAAAAAAAAAAAAAAAAAAAAAAAAAAAAAAAAAAAAAAAAAAAAAAAAAAAAAAAAAAAAAAAAAAAAAAAAAAAAAAAAAAAAAAAAAAAAAAAAAAAAAAAAAAAAAAAAAAAAAAAAAAAAAAAAAAAAAAAAAAAAAAAAAAAAAAAAAAAAAAAAAAAAAAAAAAAAAAAAAAAAAAAAAAAAAAAAAAAAAAAAAAAAAAAAAAAAAAAAAAAAAAAAAAAAAAAAAAAAAAAAAAAAAAAAAAAAAAAAAAAAAAAAAAAAAAAAAAAAAAAAAAAAAAAAAAAAAAAAAAAAAAAAAAAAAAAAAAAAAAAAAAAAAAAAAAAAAAAAAAAAAAAAAAAAAAAAAAAAAAAAAAAAAAAAAAAAAAAAAAAAAAAAAAAAAAAAAAAAAAAAAAAAAAAAAAAAAAAAAAAAAAAAAAAAAAAAAAAAAAAAAAAAAAAAAAAAAAAAAAAAAAAAAAAAAAAAAAAAAAAAAAAAAAAAAAAAAAAAAAAAAAAAAAAAAAAAAAAAAAAAAAAAAAAAAAAAAAAAAAAAAAAAAAAAAAAAAAAAAAAAAAAAAAAAAAAAAAAAAAAAAAAAAAAAAAAAAAAAAAAAAAAAAAAAAAAAAAAAAAAAAAAAAAAAAAAAAAAAAAAAAAAAAAAAAAAAAAAAAAAAAAAAAAAAAAAAAAAAAAAAAAAAAAAAAAAAAAAAAAAAAAAAAAAAAAAAAAAAAAAAAAAAAAAAAAAAAAAAAAAAAAAAAAAAAAAAAAAAAAAAAAAAAAAAAAAAAAAAAAAAAAAAAAAAAAAAAAAAAAAAAAAAAAAAAAAAAAAAAAAAAAAAAAAAAAAAAAAAAAAAAAAAAAAAAAAAAAAAAAAAAAAAAAAAAAAAAAAAAAAAAAAAAAAAAAAAAAAAAAAAAAAAAAAAAAAAAAAAAAAAAAAAAAAAAAAAAAAAAAAAAAAAAAAAAAAAAAAAAAAAAAAAAAAAAAAAAAAAAAAAAAAAAAAAAAAAAAAAAAAAAAAAAAAAAAAAAAAAAAAAAAAAAAAAAAAAAAAAAAAAAAAAAAAAAAAAAAAAAAAAAAAAAAAAAAAAAAAAAAAAAAAAAAAAAAAAAAAAAAAAAAAAAAAAAAAAAAAAAAAAAAAAAAAAAAAAAAAAAAAAAAAAAAAAAAAAAAAAAAAAAAAAAAAAAAAAAAAAAAAAAAAAAAAAAAAAAAAAAAAAAAAAAAAAAAAAAAAAAAAAAAAAAAAAAAAAAAAAAAAAAAAAAAAAAAAAAAAAAAAAAAAAAAAAAAAAAAAAAAAAAAAAAAAAAAAAAAAAAAAAAAAAAAAAAAAAAAAAAAAAAAAAAAAAAAAAAAAAAAAAAAAAAAAAAAAAAAAAAAAAAAAAAAAAAAAAAAAAAAAAAAAAAAAAAAAAAAAAAAAAAAAAAAAAAAAAAAAAAAAAAAAAAAAAAAAAAAAAAAAAAAAAAAAAAAAAAAAAAAAAAAAAAAAAAAAAAAAAAAAAAAAAAAAAAAAAAAAAAAAAAAAAAAAAAAAAAAAAAAAAAAAAAAAAAAAAAAAAAAAAAAAAAAAAAAAAAAAAAAAAAAAAAAAAAAAAAAAAAAAAAAAAAAAAAAAAAAAAAAAAAAAAAAAAAAAAAAAAAAAAAAAAAAAAAAAAAAAAAAAAAAAAAAAAAAAAAAAAAAAAAAAAAAAAAAAAAAAAAAAAAAAAAAAAAAAAAAAAAAAAAAAAAAAAAAAAAAAAAAAAAAAAAAAAAAAAAAAAAAAAAAAAAAAAAAAAAAAAAAAAAAAAAAAAAAAAAAAAAAAAAAAAAAAAAAAAAAAAAAAAAAAAAAAAAAAAAAAAAAAAAAAAAAAAAAAAAAAAAAAAAAAAAAAAAAAAAAAAAAAAAAAAAAAAAAAAAAAAAAAAAAAAAAAAAAAAAAAAAAAAAAAAAAAAAAAAAAAAAAAAAAAAAAAAAAAAAAAAAAAAAAAAAAAAAAAAAAAAAAAAAAAAAAAAAAAAAAAAAAAAAAAAAAAAAAAAAAAAAAAAAAAAAAAAAAAAAAAAAAAAAAAAAAAAAAAAAAAAAAAAAAAAAAAAAAAAAAAAAAAAAAAAAAAAAAAAAAAAAAAAAAAAAAAAAAAAAAAAAAAAAAAAAAAAAAAAAAAAAAAAAAAAAAAAAAAAAAAAAAAAAAAAAAAAAAAAAAAAAAAAAAAAAAAAAAAAAAAAAAAAAAAAAAAAAAAAAAAAAAAAAAAAAAAAAAAAAAAAAAAAAAAAAAAAAAAAAAAAAAAAAAAAAAAAAAAAAAAAAAAAAAAAAAAAAAAAAAAAAAAAAAAAAAAAAAAAAAAAAAAAAAAAAAAAAAAAAAAAAAAAAAAAAAAAAAAAAAAAAAAAAAAAAAAAAAAAAAAAAAAAAAAAAAAAAAAAAAAAAAAAAAAAAAAAAAAAAAAAAA=',3436),('08dca24b-656a-4dc5-8681-90a85d013797','e1c09570-9be1-4335-841a-e5ec4352946e',50,'MAIPAAABAAAAAAAAAAAAAGqVARAwAoZyCQAjBAHFNwB6am5lFwseJygpKissLy4vMDEyMzQ1Njc4OTo7PD3wJZQeHS07AxAJ/i1YGcjYOAcoNjcrxecgPtvZ9SghKJggJ2E67xX9rf3jN8gxThdfD8U6mhguCOrID+q8AfO3sFfi/eMKq/sSAczaC81NDc3sBY74Ff4gGCoAFCDDTvEkICXJ49o08jFj2QH/xeUaOwAOHxn2mySfwKTTK1iFJNnei0OudppOknG9vUZPtL80oquWg7zwuI5STampbLp7R3hiU2dglilHiXNKii5qY0wFgM3mp8GVZrPCvFVmbss1e8ekebYYrWd+NF1zNkCIpFtthbV2a5JgpYJufHR+ftGf4nMdTQtdZICnVnNVv6L5YZdZslpje6q3rkZBZlmrhq3PmPbM+WJ479kX3jbB7diJw2fxKdgsKgoh9STAIygJNF4KshwB4xP7FeQy8lPhPPLr7Ct67BYT8Av7WtPeES4PKeEc6AEMC7j3xgG42gbhMuHEEer33fk8+TTLCyHmLvTSACA76veY3H1/PBnHbT8u5GGDJCd9PDt2ihM1HCrK1gSioUVPi0mCkfGnblKhGaNInEGBGhhKulmbeRN+TzG6tKN2jn87h2WMrk17SZVmj39OcFpzkAm5lGsjeFpg0pFvLqJlZ3zHXpahh6l9ZJFlSUJ+RI6iVKCScrp4WFG/TkqQo2UYTdl5o7FRq3qY4aeFe/egeGnhTWOabw6rQp2oAAAAAAAAAAAAAAAAAAAAAAAAAAAAAAAAAAAAAAAAAAAAAAAAAAAAAAAAAAAAAAAAAAAAAAAAAAAAAAAAAAAAAAAAAAAAAAAAAAAAAAAAAAAAAAAAAAAAAAAAAAAAAAAAAAAAAAAAAAAAAAAAAAAAAAAAAAAAAAAAAAAAAAAAAAAAAAAAAAAAAAAAAAAAAAAAAAAAAAAAAAAAAAAAAAAAAAAAAAAAAAAAAAAAAAAAAAAAAAAAAAAAAAAAAAAAAAAAAAAAAAAAAAAAAAAAAAAAAAAAAAAAAAAAAAAAAAAAAAAAAAAAAAAAAAAAAAAAAAAAAAAAAAAAAAAAAAAAAAAAAAAAAAAAAAAAAAAAAAAAAAAAAAAAAAAAAAAAAAAAAAAAAAAAAAAAAAAAAAAAAAAAAAAAAAAAAAAAAAAAAAAAAAAAAAAAAAAAAAAAAAAAAAAAAAAAAAAAAAAAAAAAAAAAAAAAAAAAAAAAAAAAAAAAAAAAAAAAAAAAAAAAAAAAAAAAAAAAAAAAAAAAAAAAAAAAAAAAAAAAAAAAAAAAAAAAAAAAAAAAAAAAAAAAAAAAAAAAAAAAAAAAAAAAAAAAAAAAAAAAAAAAAAAAAAAAAAAAAAAAAAAAAAAAAAAAAAAAAAAAAAAAAAAAAAAAAAAAAAAAAAAAAAAAAAAAAAAAAAAAAAAAAAAAAAAAAAAAAAAAAAAAAAAAAAAAAAAAAAAAAAAAAAAAAAAAAAAAAAAAAAAAAAAAAAAAAAAAAAAAAAAAAAAAAAAAAAAAAAAAAAAAAAAAAAAAAAAAAAAAAAAAAAAAAAAAAAAAAAAAAAAAAAAAAAAAAAAAAAAAAAAAAAAAAAAAAAAAAAAAAAAAAAAAAAAAAAAAAAAAAAAAAAAAAAAAAAAAAAAAAAAAAAAAAAAAAAAAAAAAAAAAAAAAAAAAAAAAAAAAAAAAAAAAAAAAAAAAAAAAAAAAAAAAAAAAAAAAAAAAAAAAAAAAAAAAAAAAAAAAAAAAAAAAAAAAAAAAAAAAAAAAAAAAAAAAAAAAAAAAAAAAAAAAAAAAAAAAAAAAAAAAAAAAAAAAAAAAAAAAAAAAAAAAAAAAAAAAAAAAAAAAAAAAAAAAAAAAAAAAAAAAAAAAAAAAAAAAAAAAAAAAAAAAAAAAAAAAAAAAAAAAAAAAAAAAAAAAAAAAAAAAAAAAAAAAAAAAAAAAAAAAAAAAAAAAAAAAAAAAAAAAAAAAAAAAAAAAAAAAAAAAAAAAAAAAAAAAAAAAAAAAAAAAAAAAAAAAAAAAAAAAAAAAAAAAAAAAAAAAAAAAAAAAAAAAAAAAAAAAAAAAAAAAAAAAAAAAAAAAAAAAAAAAAAAAAAAAAAAAAAAAAAAAAAAAAAAAAAAAAAAAAAAAAAAAAAAAAAAAAAAAAAAAAAAAAAAAAAAAAAAAAAAAAAAAAAAAAAAAAAAAAAAAAAAAAAAAAAAAAAAAAAAAAAAAAAAAAAAAAAAAAAAAAAAAAAAAAAAAAAAAAAAAAAAAAAAAAAAAAAAAAAAAAAAAAAAAAAAAAAAAAAAAAAAAAAAAAAAAAAAAAAAAAAAAAAAAAAAAAAAAAAAAAAAAAAAAAAAAAAAAAAAAAAAAAAAAAAAAAAAAAAAAAAAAAAAAAAAAAAAAAAAAAAAAAAAAAAAAAAAAAAAAAAAAAAAAAAAAAAAAAAAAAAAAAAAAAAAAAAAAAAAAAAAAAAAAAAAAAAAAAAAAAAAAAAAAAAAAAAAAAAAAAAAAAAAAAAAAAAAAAAAAAAAAAAAAAAAAAAAAAAAAAAAAAAAAAAAAAAAAAAAAAAAAAAAAAAAAAAAAAAAAAAAAAAAAAAAAAAAAAAAAAAAAAAAAAAAAAAAAAAAAAAAAAAAAAAAAAAAAAAAAAAAAAAAAAAAAAAAAAAAAAAAAAAAAAAAAAAAAAAAAAAAAAAAAAAAAAAAAAAAAAAAAAAAAAAAAAAAAAAAAAAAAAAAAAAAAAAAAAAAAAAAAAAAAAAAAAAAAAAAAAAAAAAAAAAAAAAAAAAAAAAAAAAAAAAAAAAAAAAAAAAAAAAAAAAAAAAAAAAAAAAAAAAAAAAAAAAAAAAAAAAAAAAAAAAAAAAAAAAAAAAAAAAAAAAAAAAAAAAAAAAAAAAAAAAAAAAAAAAAAAAAAAAAAAAAAAAAAAAAAAAAAAAAAAAAAAAAAAAAAAAAAAAAAAAAAAAAAAAAAAAAAAAAAAAAAAAAAAAAAAAAAAAAAAAAAAAAAAAAAAAAAAAAAAAAAAAAAAAAAAAAAAAAAAAAAAAAAAAAAAAAAAAAAAAAAAAAAAAAAAAAAAAAAAAAAAAAAAAAAAAAAAAAAAAAAAAAAAAAAAAAAAAAAAAAAAAAAAAAAAAAAAAAAAAAAAAAAAAAAAAAAAAAAAAAAAAAAAAAAAAAAAAAAAAAAAAAAAAAAAAAAAAAAAAAAAAAAAAAAAAAAAAAAAAAAAAAAAAAAAAAAAAAAAAAAAAAAAAAAAAAAAAAAAAAAAAAAAAAAAAAAAAAAAAAAAAAAAAAAAAAAAAAAAAAAAAAAAAAAAAAAAAAAAAAAAAAAAAAAAAAAAAAAAAAAAAAAAAAAAAAAAAAAAAAAAAAAAAAAAAAAAAAAAAAAAAAAAAAAAAAAAAAAAAAAAAAAAAAAAAAAAAAAAAAAAAAAAAA=',3436),('08dca24b-656a-4ebf-8276-fd7fddad9916','03628de9-b55f-4de6-8e4e-d42859d596de',50,'MAIQAAABAAAAAAAAAAAAAGqVARAwAsbTCQAjBAGNOAB6am5lFwseJygpKissLy4vMDEyMzQ1Njc4OTo7PD0dkwsZIyEKA9Qy7icFC8XpORQtOQTQ2ODMEiFWKi4P35hANmHr+u4WsujRdOriN8THP91xGivi4C/MAf7aBhYOrkIM3P0mEVPuIeHM/9bXVQjvH9+FxfbE/VH1TjKx9vylw9UK+Sw9FDEJxvXvGBpkJB8/LRb4khWgy6fCJdSAJtSFmL+fv5iyUaJZZQGWQrVg251P4r9V4XZErFdw4XVzpU9hRGZ/jImtpbNgkLiajVpxg76Fkaybs5g8koC+nbwweZzCcKpOVVZnZUODR0FU65uFeZxkY7xunK5ESbjPRKqRtXNoc74Nt3qiFBeXp0+hZAJxTUBCW22xp7JWtkpdXq7x5+uA2AIZ7TqOyMsMP9Yp5fg05MnZ5GcL3wsM1zjJNQ8q/vUKJv/syxj45dbmAhMFxivWLbn1Lz0REBoIFhb5IPf18v0xRIXz6xzR6kAoJRLayQWn48wJBjvaPkXMFPknERc26dj57R4APM7XJj7Dpib/hzhR6Mwr6njd9dbX0GlCAU9A+mWDUvO0YG22aJebuUGAK3ipiUq9DDAVSAyhvYxRu51rfnxB0YSpZtN0dHVr+CGOQl2JeYw5nDFLuXSJTXZ3vTnMgWCSg5iXY8RBaacplYvTSXKE1logYXeFToeNjwwdVYKTpOR0noPiQ5r3Gbe3epechF2uVwtcYYa9AAAAAAAAAAAAAAAAAAAAAAAAAAAAAAAAAAAAAAAAAAAAAAAAAAAAAAAAAAAAAAAAAAAAAAAAAAAAAAAAAAAAAAAAAAAAAAAAAAAAAAAAAAAAAAAAAAAAAAAAAAAAAAAAAAAAAAAAAAAAAAAAAAAAAAAAAAAAAAAAAAAAAAAAAAAAAAAAAAAAAAAAAAAAAAAAAAAAAAAAAAAAAAAAAAAAAAAAAAAAAAAAAAAAAAAAAAAAAAAAAAAAAAAAAAAAAAAAAAAAAAAAAAAAAAAAAAAAAAAAAAAAAAAAAAAAAAAAAAAAAAAAAAAAAAAAAAAAAAAAAAAAAAAAAAAAAAAAAAAAAAAAAAAAAAAAAAAAAAAAAAAAAAAAAAAAAAAAAAAAAAAAAAAAAAAAAAAAAAAAAAAAAAAAAAAAAAAAAAAAAAAAAAAAAAAAAAAAAAAAAAAAAAAAAAAAAAAAAAAAAAAAAAAAAAAAAAAAAAAAAAAAAAAAAAAAAAAAAAAAAAAAAAAAAAAAAAAAAAAAAAAAAAAAAAAAAAAAAAAAAAAAAAAAAAAAAAAAAAAAAAAAAAAAAAAAAAAAAAAAAAAAAAAAAAAAAAAAAAAAAAAAAAAAAAAAAAAAAAAAAAAAAAAAAAAAAAAAAAAAAAAAAAAAAAAAAAAAAAAAAAAAAAAAAAAAAAAAAAAAAAAAAAAAAAAAAAAAAAAAAAAAAAAAAAAAAAAAAAAAAAAAAAAAAAAAAAAAAAAAAAAAAAAAAAAAAAAAAAAAAAAAAAAAAAAAAAAAAAAAAAAAAAAAAAAAAAAAAAAAAAAAAAAAAAAAAAAAAAAAAAAAAAAAAAAAAAAAAAAAAAAAAAAAAAAAAAAAAAAAAAAAAAAAAAAAAAAAAAAAAAAAAAAAAAAAAAAAAAAAAAAAAAAAAAAAAAAAAAAAAAAAAAAAAAAAAAAAAAAAAAAAAAAAAAAAAAAAAAAAAAAAAAAAAAAAAAAAAAAAAAAAAAAAAAAAAAAAAAAAAAAAAAAAAAAAAAAAAAAAAAAAAAAAAAAAAAAAAAAAAAAAAAAAAAAAAAAAAAAAAAAAAAAAAAAAAAAAAAAAAAAAAAAAAAAAAAAAAAAAAAAAAAAAAAAAAAAAAAAAAAAAAAAAAAAAAAAAAAAAAAAAAAAAAAAAAAAAAAAAAAAAAAAAAAAAAAAAAAAAAAAAAAAAAAAAAAAAAAAAAAAAAAAAAAAAAAAAAAAAAAAAAAAAAAAAAAAAAAAAAAAAAAAAAAAAAAAAAAAAAAAAAAAAAAAAAAAAAAAAAAAAAAAAAAAAAAAAAAAAAAAAAAAAAAAAAAAAAAAAAAAAAAAAAAAAAAAAAAAAAAAAAAAAAAAAAAAAAAAAAAAAAAAAAAAAAAAAAAAAAAAAAAAAAAAAAAAAAAAAAAAAAAAAAAAAAAAAAAAAAAAAAAAAAAAAAAAAAAAAAAAAAAAAAAAAAAAAAAAAAAAAAAAAAAAAAAAAAAAAAAAAAAAAAAAAAAAAAAAAAAAAAAAAAAAAAAAAAAAAAAAAAAAAAAAAAAAAAAAAAAAAAAAAAAAAAAAAAAAAAAAAAAAAAAAAAAAAAAAAAAAAAAAAAAAAAAAAAAAAAAAAAAAAAAAAAAAAAAAAAAAAAAAAAAAAAAAAAAAAAAAAAAAAAAAAAAAAAAAAAAAAAAAAAAAAAAAAAAAAAAAAAAAAAAAAAAAAAAAAAAAAAAAAAAAAAAAAAAAAAAAAAAAAAAAAAAAAAAAAAAAAAAAAAAAAAAAAAAAAAAAAAAAAAAAAAAAAAAAAAAAAAAAAAAAAAAAAAAAAAAAAAAAAAAAAAAAAAAAAAAAAAAAAAAAAAAAAAAAAAAAAAAAAAAAAAAAAAAAAAAAAAAAAAAAAAAAAAAAAAAAAAAAAAAAAAAAAAAAAAAAAAAAAAAAAAAAAAAAAAAAAAAAAAAAAAAAAAAAAAAAAAAAAAAAAAAAAAAAAAAAAAAAAAAAAAAAAAAAAAAAAAAAAAAAAAAAAAAAAAAAAAAAAAAAAAAAAAAAAAAAAAAAAAAAAAAAAAAAAAAAAAAAAAAAAAAAAAAAAAAAAAAAAAAAAAAAAAAAAAAAAAAAAAAAAAAAAAAAAAAAAAAAAAAAAAAAAAAAAAAAAAAAAAAAAAAAAAAAAAAAAAAAAAAAAAAAAAAAAAAAAAAAAAAAAAAAAAAAAAAAAAAAAAAAAAAAAAAAAAAAAAAAAAAAAAAAAAAAAAAAAAAAAAAAAAAAAAAAAAAAAAAAAAAAAAAAAAAAAAAAAAAAAAAAAAAAAAAAAAAAAAAAAAAAAAAAAAAAAAAAAAAAAAAAAAAAAAAAAAAAAAAAAAAAAAAAAAAAAAAAAAAAAAAAAAAAAAAAAAAAAAAAAAAAAAAAAAAAAAAAAAAAAAAAAAAAAAAAAAAAAAAAAAAAAAAAAAAAAAAAAAAAAAAAAAAAAAAAAAAAAAAAAAAAAAAAAAAAAAAAAAAAAAAAAAAAAAAAAAAAAAAAAAAAAAAAAAAAAAAAAAAAAAAAAAAAAAAAAAAAAAAAAAAAAAAAAAAAAAAAAAAAAAAAAAAAAAAAAAAAAAAAAAAAAAAAAAAAAAAAAAAAAAAAAAAAAAAAAAAAAAAAAAAAAAAAAAAAAAAAAAAAAAAAAAAAAAAAAAAAAAAAAAAAAAAAAAAAAAAAAAAA=',3436),('08dca24b-656a-4fa5-8759-20e1f4cec930','1bc42256-1392-4bf8-8a8a-c28a6b199fe5',50,'MAIRAAABAAAAAAAAAAAAAGqVARAwApV4CQAjBAFifAB6am5lFwseJygpKissLy4vMDEyMzQ1Njc4OTo7PD3ZQuI/51Q3FX4s6io78MHL7QAu9S3G98/N30XV/TAdCIphGGFQ4BvMsVz6JecuTgYJHCYO3QM/AxnE66T34gULwg2a5wn1HPhK9AjYProRbOz8H+zUXAfQ5xwNx/T3MhJZ/ynxojYVzyz6DH4vzJIvZGTIPRSzyhs9JojAMwX76dvpc0dg/v06UHO8h/S9SLZmSROK7Fe1oFSOsqJfq7AYilRoqYLZX0N7e9yainJe2mq+yId6obaNnGbVknCMj4EYnq6eVyZxjFqYO35xhNfexaNrRIZ9bFF4ZEZPYbOwjHUJpjges2y7UYV/uqmcp7qWj0y+tlKer/CMREybTVxrr6bnNNQYJC8xOR940pWJIu/q1gs70skyOdadsGKrNxQtN7wACODx/DAsFufi9CwA6sCuIPx3zSnr7A3uQQ3E8Con+w37vrDZHOBJxQvaQOcqJcvmDlzh/DnT7Oql7x0V6Kk8zN8HCSQLwld7cg73KyDZMcD+6TnCPzDWkiIbP3zh2mtbswi6rLelvpp9bkaqF32H71WESahmi7SQWx1KsRtRRt5Oc2yUjtNNczSFuXhMlH9dVphXiD6My2o4j7lVeb6Zc3Z2YnuSWKNerGl1ZKqLXXiPI7u2ZZq6grt8aQG6hEemlUEcOvdXVkpRqlFRQXeeS+T/kJRBjIihUQJrZKGRAAAAAAAAAAAAAAAAAAAAAAAAAAAAAAAAAAAAAAAAAAAAAAAAAAAAAAAAAAAAAAAAAAAAAAAAAAAAAAAAAAAAAAAAAAAAAAAAAAAAAAAAAAAAAAAAAAAAAAAAAAAAAAAAAAAAAAAAAAAAAAAAAAAAAAAAAAAAAAAAAAAAAAAAAAAAAAAAAAAAAAAAAAAAAAAAAAAAAAAAAAAAAAAAAAAAAAAAAAAAAAAAAAAAAAAAAAAAAAAAAAAAAAAAAAAAAAAAAAAAAAAAAAAAAAAAAAAAAAAAAAAAAAAAAAAAAAAAAAAAAAAAAAAAAAAAAAAAAAAAAAAAAAAAAAAAAAAAAAAAAAAAAAAAAAAAAAAAAAAAAAAAAAAAAAAAAAAAAAAAAAAAAAAAAAAAAAAAAAAAAAAAAAAAAAAAAAAAAAAAAAAAAAAAAAAAAAAAAAAAAAAAAAAAAAAAAAAAAAAAAAAAAAAAAAAAAAAAAAAAAAAAAAAAAAAAAAAAAAAAAAAAAAAAAAAAAAAAAAAAAAAAAAAAAAAAAAAAAAAAAAAAAAAAAAAAAAAAAAAAAAAAAAAAAAAAAAAAAAAAAAAAAAAAAAAAAAAAAAAAAAAAAAAAAAAAAAAAAAAAAAAAAAAAAAAAAAAAAAAAAAAAAAAAAAAAAAAAAAAAAAAAAAAAAAAAAAAAAAAAAAAAAAAAAAAAAAAAAAAAAAAAAAAAAAAAAAAAAAAAAAAAAAAAAAAAAAAAAAAAAAAAAAAAAAAAAAAAAAAAAAAAAAAAAAAAAAAAAAAAAAAAAAAAAAAAAAAAAAAAAAAAAAAAAAAAAAAAAAAAAAAAAAAAAAAAAAAAAAAAAAAAAAAAAAAAAAAAAAAAAAAAAAAAAAAAAAAAAAAAAAAAAAAAAAAAAAAAAAAAAAAAAAAAAAAAAAAAAAAAAAAAAAAAAAAAAAAAAAAAAAAAAAAAAAAAAAAAAAAAAAAAAAAAAAAAAAAAAAAAAAAAAAAAAAAAAAAAAAAAAAAAAAAAAAAAAAAAAAAAAAAAAAAAAAAAAAAAAAAAAAAAAAAAAAAAAAAAAAAAAAAAAAAAAAAAAAAAAAAAAAAAAAAAAAAAAAAAAAAAAAAAAAAAAAAAAAAAAAAAAAAAAAAAAAAAAAAAAAAAAAAAAAAAAAAAAAAAAAAAAAAAAAAAAAAAAAAAAAAAAAAAAAAAAAAAAAAAAAAAAAAAAAAAAAAAAAAAAAAAAAAAAAAAAAAAAAAAAAAAAAAAAAAAAAAAAAAAAAAAAAAAAAAAAAAAAAAAAAAAAAAAAAAAAAAAAAAAAAAAAAAAAAAAAAAAAAAAAAAAAAAAAAAAAAAAAAAAAAAAAAAAAAAAAAAAAAAAAAAAAAAAAAAAAAAAAAAAAAAAAAAAAAAAAAAAAAAAAAAAAAAAAAAAAAAAAAAAAAAAAAAAAAAAAAAAAAAAAAAAAAAAAAAAAAAAAAAAAAAAAAAAAAAAAAAAAAAAAAAAAAAAAAAAAAAAAAAAAAAAAAAAAAAAAAAAAAAAAAAAAAAAAAAAAAAAAAAAAAAAAAAAAAAAAAAAAAAAAAAAAAAAAAAAAAAAAAAAAAAAAAAAAAAAAAAAAAAAAAAAAAAAAAAAAAAAAAAAAAAAAAAAAAAAAAAAAAAAAAAAAAAAAAAAAAAAAAAAAAAAAAAAAAAAAAAAAAAAAAAAAAAAAAAAAAAAAAAAAAAAAAAAAAAAAAAAAAAAAAAAAAAAAAAAAAAAAAAAAAAAAAAAAAAAAAAAAAAAAAAAAAAAAAAAAAAAAAAAAAAAAAAAAAAAAAAAAAAAAAAAAAAAAAAAAAAAAAAAAAAAAAAAAAAAAAAAAAAAAAAAAAAAAAAAAAAAAAAAAAAAAAAAAAAAAAAAAAAAAAAAAAAAAAAAAAAAAAAAAAAAAAAAAAAAAAAAAAAAAAAAAAAAAAAAAAAAAAAAAAAAAAAAAAAAAAAAAAAAAAAAAAAAAAAAAAAAAAAAAAAAAAAAAAAAAAAAAAAAAAAAAAAAAAAAAAAAAAAAAAAAAAAAAAAAAAAAAAAAAAAAAAAAAAAAAAAAAAAAAAAAAAAAAAAAAAAAAAAAAAAAAAAAAAAAAAAAAAAAAAAAAAAAAAAAAAAAAAAAAAAAAAAAAAAAAAAAAAAAAAAAAAAAAAAAAAAAAAAAAAAAAAAAAAAAAAAAAAAAAAAAAAAAAAAAAAAAAAAAAAAAAAAAAAAAAAAAAAAAAAAAAAAAAAAAAAAAAAAAAAAAAAAAAAAAAAAAAAAAAAAAAAAAAAAAAAAAAAAAAAAAAAAAAAAAAAAAAAAAAAAAAAAAAAAAAAAAAAAAAAAAAAAAAAAAAAAAAAAAAAAAAAAAAAAAAAAAAAAAAAAAAAAAAAAAAAAAAAAAAAAAAAAAAAAAAAAAAAAAAAAAAAAAAAAAAAAAAAAAAAAAAAAAAAAAAAAAAAAAAAAAAAAAAAAAAAAAAAAAAAAAAAAAAAAAAAAAAAAAAAAAAAAAAAAAAAAAAAAAAAAAAAAAAAAAAAAAAAAAAAAAAAAAAAAAAAAAAAAAAAAAAAAAAAAAAAAAAAAAAAAAAAAAAAAAAAAAAAAAAAAAAAAAAAAAAAAAAAAAAAAAAAAAAAAAAAAAAAAAAAAAAAAAAAAAAAAAAAAAAAAAAAAAAAAAAAAAAAAAAAAAAAAAAAA=',3436),('08dca24b-656b-4096-82b1-eb1554ef6272','0bb7edde-7127-401d-8083-a23b0c445afb',50,'MAISAAABAAAAAAAAAAAAAGqVARAwAtK+CQAjBAEilAB6am5lFwseJygpKissLy4vMDEyMzQ1Njc4OTo7PD2kUc41IzopMvU9OQAkcNTvOg/f1dn7xtzSGdoZ1Rsl3NwZXGFi6HMT097xORMVJfbx8QLy1uXz+0gN0tC38tA6uN4BzEO3BzogI5/vlekvIe+P5Bb87qux/QH2BTLMNOdcMMzwNt0O5DV8FNHlpADkDzLB6QOH7TmMw4fYzG01dtzQn72TltVa8Uqu4kJNRrVFgaa3wk2tVqPXhohWoqOajJGndLhhgbR0uJdftipIgla+Y7Fmrpq5s7SZUV2jd5h0jrnKlZAsWk1gZ5CMu0ezco95kpxCd2hzaIuXSF1AbnFFRg5jWHhYTbFNFEG1g16Mu79ErphoT6ywuLqhpphHQJYciCXCCxt79BIdPD8h3dTlzSMILzzV1joZ5hLuLT/B8+IBC/sLqAzkDx778TEEMQzQ4EVtGxIfxxL5bSLyFRTotvf3sOgR4PwHExPDrAcaTArDLFTw5N4J6yzn5C8UPRnVNwA91jDC0Q3HOAorazUgpMj20CcBMhQp3zfTKZvW8yltik9Q403ZyFG9YFW0UamkemOld4N4mE6rSwGDj2avrIfflE0nu0VTjSWhkk8rsnockc0geKJmWHZVhGNcZWJrml+XdqKTpJuOrLlqYrxp2UlIs7andq+Bp2ZdSIqNH36XXUkYcdmwqJNyXrz3RafRa8K7Z/OX+0xhZxxaWFNHAAAAAAAAAAAAAAAAAAAAAAAAAAAAAAAAAAAAAAAAAAAAAAAAAAAAAAAAAAAAAAAAAAAAAAAAAAAAAAAAAAAAAAAAAAAAAAAAAAAAAAAAAAAAAAAAAAAAAAAAAAAAAAAAAAAAAAAAAAAAAAAAAAAAAAAAAAAAAAAAAAAAAAAAAAAAAAAAAAAAAAAAAAAAAAAAAAAAAAAAAAAAAAAAAAAAAAAAAAAAAAAAAAAAAAAAAAAAAAAAAAAAAAAAAAAAAAAAAAAAAAAAAAAAAAAAAAAAAAAAAAAAAAAAAAAAAAAAAAAAAAAAAAAAAAAAAAAAAAAAAAAAAAAAAAAAAAAAAAAAAAAAAAAAAAAAAAAAAAAAAAAAAAAAAAAAAAAAAAAAAAAAAAAAAAAAAAAAAAAAAAAAAAAAAAAAAAAAAAAAAAAAAAAAAAAAAAAAAAAAAAAAAAAAAAAAAAAAAAAAAAAAAAAAAAAAAAAAAAAAAAAAAAAAAAAAAAAAAAAAAAAAAAAAAAAAAAAAAAAAAAAAAAAAAAAAAAAAAAAAAAAAAAAAAAAAAAAAAAAAAAAAAAAAAAAAAAAAAAAAAAAAAAAAAAAAAAAAAAAAAAAAAAAAAAAAAAAAAAAAAAAAAAAAAAAAAAAAAAAAAAAAAAAAAAAAAAAAAAAAAAAAAAAAAAAAAAAAAAAAAAAAAAAAAAAAAAAAAAAAAAAAAAAAAAAAAAAAAAAAAAAAAAAAAAAAAAAAAAAAAAAAAAAAAAAAAAAAAAAAAAAAAAAAAAAAAAAAAAAAAAAAAAAAAAAAAAAAAAAAAAAAAAAAAAAAAAAAAAAAAAAAAAAAAAAAAAAAAAAAAAAAAAAAAAAAAAAAAAAAAAAAAAAAAAAAAAAAAAAAAAAAAAAAAAAAAAAAAAAAAAAAAAAAAAAAAAAAAAAAAAAAAAAAAAAAAAAAAAAAAAAAAAAAAAAAAAAAAAAAAAAAAAAAAAAAAAAAAAAAAAAAAAAAAAAAAAAAAAAAAAAAAAAAAAAAAAAAAAAAAAAAAAAAAAAAAAAAAAAAAAAAAAAAAAAAAAAAAAAAAAAAAAAAAAAAAAAAAAAAAAAAAAAAAAAAAAAAAAAAAAAAAAAAAAAAAAAAAAAAAAAAAAAAAAAAAAAAAAAAAAAAAAAAAAAAAAAAAAAAAAAAAAAAAAAAAAAAAAAAAAAAAAAAAAAAAAAAAAAAAAAAAAAAAAAAAAAAAAAAAAAAAAAAAAAAAAAAAAAAAAAAAAAAAAAAAAAAAAAAAAAAAAAAAAAAAAAAAAAAAAAAAAAAAAAAAAAAAAAAAAAAAAAAAAAAAAAAAAAAAAAAAAAAAAAAAAAAAAAAAAAAAAAAAAAAAAAAAAAAAAAAAAAAAAAAAAAAAAAAAAAAAAAAAAAAAAAAAAAAAAAAAAAAAAAAAAAAAAAAAAAAAAAAAAAAAAAAAAAAAAAAAAAAAAAAAAAAAAAAAAAAAAAAAAAAAAAAAAAAAAAAAAAAAAAAAAAAAAAAAAAAAAAAAAAAAAAAAAAAAAAAAAAAAAAAAAAAAAAAAAAAAAAAAAAAAAAAAAAAAAAAAAAAAAAAAAAAAAAAAAAAAAAAAAAAAAAAAAAAAAAAAAAAAAAAAAAAAAAAAAAAAAAAAAAAAAAAAAAAAAAAAAAAAAAAAAAAAAAAAAAAAAAAAAAAAAAAAAAAAAAAAAAAAAAAAAAAAAAAAAAAAAAAAAAAAAAAAAAAAAAAAAAAAAAAAAAAAAAAAAAAAAAAAAAAAAAAAAAAAAAAAAAAAAAAAAAAAAAAAAAAAAAAAAAAAAAAAAAAAAAAAAAAAAAAAAAAAAAAAAAAAAAAAAAAAAAAAAAAAAAAAAAAAAAAAAAAAAAAAAAAAAAAAAAAAAAAAAAAAAAAAAAAAAAAAAAAAAAAAAAAAAAAAAAAAAAAAAAAAAAAAAAAAAAAAAAAAAAAAAAAAAAAAAAAAAAAAAAAAAAAAAAAAAAAAAAAAAAAAAAAAAAAAAAAAAAAAAAAAAAAAAAAAAAAAAAAAAAAAAAAAAAAAAAAAAAAAAAAAAAAAAAAAAAAAAAAAAAAAAAAAAAAAAAAAAAAAAAAAAAAAAAAAAAAAAAAAAAAAAAAAAAAAAAAAAAAAAAAAAAAAAAAAAAAAAAAAAAAAAAAAAAAAAAAAAAAAAAAAAAAAAAAAAAAAAAAAAAAAAAAAAAAAAAAAAAAAAAAAAAAAAAAAAAAAAAAAAAAAAAAAAAAAAAAAAAAAAAAAAAAAAAAAAAAAAAAAAAAAAAAAAAAAAAAAAAAAAAAAAAAAAAAAAAAAAAAAAAAAAAAAAAAAAAAAAAAAAAAAAAAAAAAAAAAAAAAAAAAAAAAAAAAAAAAAAAAAAAAAAAAAAAAAAAAAAAAAAAAAAAAAAAAAAAAAAAAAAAAAAAAAAAAAAAAAAAAAAAAAAAAAAAAAAAAAAAAAAAAAAAAAAAAAAAAAAAAAAAAAAAAAAAAAAAAAAAAAAAAAAAAAAAAAAAAAAAAAAAAAAAAAAAAAAAAAAAAAAAAAAAAAAAAAAAAAAAAAAAAAAAAAAAAAAAAAAAAAAAAAAAAAAAAAAAAAAAAAAAAAAAAAAAAAAAAAAAAAAAAAAAAAAAAAAAAAAAAAAAAAAAAAAAAAAAAAAAAAAAAAAAAAAAAAAAAAAAAAAAAAAAAAAA=',3436),('08dca24b-656b-418d-84b6-e1bedb5e330d','513b44ea-05ec-47f7-be16-035a5ef17fd2',50,'MAITAAABAAAAAAAAAAAAAGqVARAwArWxCQAjBAEDQQB6am5lFwseJygpKissLy4vMDEyMzQ1Njc4OTo7PD3gWMvUkQEDEwJpMh/IrnDBxxfK0C3r0s2DCC89xncHEtsuIWFC6T/E6Vnc+uv1Gb7rEvwKL/U25kKsJs0E3hQLuvwe01/YAv4QEvfyKc8Y8QSV9v/2ASQRBexdscacxzfhNdUnIwnW7iEhcRfaGCm1NjgROccjxXvRxsrP0ljpy8/IrURCho5IZ7xqveOEqJFSjJ6O7V+Os4GJEIEZv1ZNTFxpc3pehIVnZIeLYlqd/SLOQUDOXZFlxoHUi5M7ZYt9gMykXaNEoWmvfE18S4CmeDtCt555kE10R490SkVWeIdMsQAY55+GtLd7U0SYQXisU/iztaOOX7a+sm9ryVwdtpwkPYQ3A/UmPDkffcHlEpHW3AL92s3U1Dg2Ojn5el349bEcB+vw+YocI/Oq+ANgCc4PCtwhP7TzCfYPO/sgHOXb7fv14fY+4gjp8gG5Hg4MZOX6LCm/7rUN1CqX5VQNCewYtm8wdzn7zsAfJybb0iPbiAwy6AUwItv0Jxhoyy3M51qzurefnWWcU11kVEKyoANeRn1cTQGsa65ORz5OgEpVXeJ1n2qQ5m4xbH3UfZlzZ359MF6SqWTGc3/Xl7OSV6qFl6CjQ5kiW3Z02V+WfWFbfZK5jIq/cEuudWqQZoiwkHSxHX5kBvVOc8VebZ6Te1aLuqyoW6iWjbZyYghxokC1AAAAAAAAAAAAAAAAAAAAAAAAAAAAAAAAAAAAAAAAAAAAAAAAAAAAAAAAAAAAAAAAAAAAAAAAAAAAAAAAAAAAAAAAAAAAAAAAAAAAAAAAAAAAAAAAAAAAAAAAAAAAAAAAAAAAAAAAAAAAAAAAAAAAAAAAAAAAAAAAAAAAAAAAAAAAAAAAAAAAAAAAAAAAAAAAAAAAAAAAAAAAAAAAAAAAAAAAAAAAAAAAAAAAAAAAAAAAAAAAAAAAAAAAAAAAAAAAAAAAAAAAAAAAAAAAAAAAAAAAAAAAAAAAAAAAAAAAAAAAAAAAAAAAAAAAAAAAAAAAAAAAAAAAAAAAAAAAAAAAAAAAAAAAAAAAAAAAAAAAAAAAAAAAAAAAAAAAAAAAAAAAAAAAAAAAAAAAAAAAAAAAAAAAAAAAAAAAAAAAAAAAAAAAAAAAAAAAAAAAAAAAAAAAAAAAAAAAAAAAAAAAAAAAAAAAAAAAAAAAAAAAAAAAAAAAAAAAAAAAAAAAAAAAAAAAAAAAAAAAAAAAAAAAAAAAAAAAAAAAAAAAAAAAAAAAAAAAAAAAAAAAAAAAAAAAAAAAAAAAAAAAAAAAAAAAAAAAAAAAAAAAAAAAAAAAAAAAAAAAAAAAAAAAAAAAAAAAAAAAAAAAAAAAAAAAAAAAAAAAAAAAAAAAAAAAAAAAAAAAAAAAAAAAAAAAAAAAAAAAAAAAAAAAAAAAAAAAAAAAAAAAAAAAAAAAAAAAAAAAAAAAAAAAAAAAAAAAAAAAAAAAAAAAAAAAAAAAAAAAAAAAAAAAAAAAAAAAAAAAAAAAAAAAAAAAAAAAAAAAAAAAAAAAAAAAAAAAAAAAAAAAAAAAAAAAAAAAAAAAAAAAAAAAAAAAAAAAAAAAAAAAAAAAAAAAAAAAAAAAAAAAAAAAAAAAAAAAAAAAAAAAAAAAAAAAAAAAAAAAAAAAAAAAAAAAAAAAAAAAAAAAAAAAAAAAAAAAAAAAAAAAAAAAAAAAAAAAAAAAAAAAAAAAAAAAAAAAAAAAAAAAAAAAAAAAAAAAAAAAAAAAAAAAAAAAAAAAAAAAAAAAAAAAAAAAAAAAAAAAAAAAAAAAAAAAAAAAAAAAAAAAAAAAAAAAAAAAAAAAAAAAAAAAAAAAAAAAAAAAAAAAAAAAAAAAAAAAAAAAAAAAAAAAAAAAAAAAAAAAAAAAAAAAAAAAAAAAAAAAAAAAAAAAAAAAAAAAAAAAAAAAAAAAAAAAAAAAAAAAAAAAAAAAAAAAAAAAAAAAAAAAAAAAAAAAAAAAAAAAAAAAAAAAAAAAAAAAAAAAAAAAAAAAAAAAAAAAAAAAAAAAAAAAAAAAAAAAAAAAAAAAAAAAAAAAAAAAAAAAAAAAAAAAAAAAAAAAAAAAAAAAAAAAAAAAAAAAAAAAAAAAAAAAAAAAAAAAAAAAAAAAAAAAAAAAAAAAAAAAAAAAAAAAAAAAAAAAAAAAAAAAAAAAAAAAAAAAAAAAAAAAAAAAAAAAAAAAAAAAAAAAAAAAAAAAAAAAAAAAAAAAAAAAAAAAAAAAAAAAAAAAAAAAAAAAAAAAAAAAAAAAAAAAAAAAAAAAAAAAAAAAAAAAAAAAAAAAAAAAAAAAAAAAAAAAAAAAAAAAAAAAAAAAAAAAAAAAAAAAAAAAAAAAAAAAAAAAAAAAAAAAAAAAAAAAAAAAAAAAAAAAAAAAAAAAAAAAAAAAAAAAAAAAAAAAAAAAAAAAAAAAAAAAAAAAAAAAAAAAAAAAAAAAAAAAAAAAAAAAAAAAAAAAAAAAAAAAAAAAAAAAAAAAAAAAAAAAAAAAAAAAAAAAAAAAAAAAAAAAAAAAAAAAAAAAAAAAAAAAAAAAAAAAAAAAAAAAAAAAAAAAAAAAAAAAAAAAAAAAAAAAAAAAAAAAAAAAAAAAAAAAAAAAAAAAAAAAAAAAAAAAAAAAAAAAAAAAAAAAAAAAAAAAAAAAAAAAAAAAAAAAAAAAAAAAAAAAAAAAAAAAAAAAAAAAAAAAAAAAAAAAAAAAAAAAAAAAAAAAAAAAAAAAAAAAAAAAAAAAAAAAAAAAAAAAAAAAAAAAAAAAAAAAAAAAAAAAAAAAAAAAAAAAAAAAAAAAAAAAAAAAAAAAAAAAAAAAAAAAAAAAAAAAAAAAAAAAAAAAAAAAAAAAAAAAAAAAAAAAAAAAAAAAAAAAAAAAAAAAAAAAAAAAAAAAAAAAAAAAAAAAAAAAAAAAAAAAAAAAAAAAAAAAAAAAAAAAAAAAAAAAAAAAAAAAAAAAAAAAAAAAAAAAAAAAAAAAAAAAAAAAAAAAAAAAAAAAAAAAAAAAAAAAAAAAAAAAAAAAAAAAAAAAAAAAAAAAAAAAAAAAAAAAAAAAAAAAAAAAAAAAAAAAAAAAAAAAAAAAAAAAAAAAAAAAAAAAAAAAAAAAAAAAAAAAAAAAAAAAAAAAAAAAAAAAAAAAAAAAAAAAAAAAAAAAAAAAAAAAAAAAAAAAAAAAAAAAAAAAAAAAAAAAAAAAAAAAAAAAAAAAAAAAAAAAAAAAAAAAAAAAAAAAAAAAAAAAAAAAAAAAAAAAAAAAAAAAAAAAAAAAAAAAAAAAAAAAAAAAAAAAAAAAAAAAAAAAAAAAAAAAAAAAAAAAAAAAAAAAAAAAAAAAAAAAAAAAAAAAAAAAAAAAAAAAAAAAAAAAAAAAAAA=',3436),('08dca24b-656b-426f-81b8-66a9b19ef7a7','62d208ba-dd5f-46c6-a02f-a179fbe47b55',50,'MAIUAAABAAAAAAAAAAAAAGqVARAwAop2CQAjBAHQbAB6am5lFwseJygpKissLy4vMDEyMzQ1Njc4OTo7PD1vkdjw/zcww2oDJBY8iz/OHgzc9y7R9sbYIjPatDYpCOkZWGE16Rbg76apRR81U609GPga2GYVMm/WEtjyCLUEtv/sJDsrC1k52+j+Cdb8NjUmDcMHEOVe0tIB8dg2HfP7MgMvgj9kwTUIwNXp/sIrxxIlBj7CLQYSHqrJ2X3yN9L/RUGzk/ZXr2ew5bJYaax86XKS/qiGVmitTrdAsK5EvUOib72CbbCasouPjHR/t1fNlXGlmaaViKlbI5SbhJYScNKfT7snwRqXXIVncXievFVyzPDflk1+hJloS2+XkdF2q0l/GXOV6GpMoCfvmxOcv6VFDaGoSq20u6tk8Ft2i5/6nPnQhT2F+XAUwpXFFffrzg6Z3+Mh8YLL+XPIP3uQJPISB9MA7eXtBx/u/ilLExC8xt4k/pbSxhYCORYwGgX5G9UW2+P5QfTWzAmyFB8lc+neBSSs/v1czhcZCSAGHD4EDsk5BxID+AwF29jPI9HX4e3NNiR6ZJbs+d0P6ezazHX9UlyJmpaRtrtRYV2orCNroK2kvHpeo1JjSlhkdB+7XYTceWVt5rVcu5BVidp+HX+CjnOPpEuqo3prkmR5iLqZhpNtd2aXN45GoXl+ZFXI2WnZtI67fW2xhWixe1vRcWmAeE0aa/9MvraJao1dHamktKuxq0e4s0RPdnCboJmDAAAAAAAAAAAAAAAAAAAAAAAAAAAAAAAAAAAAAAAAAAAAAAAAAAAAAAAAAAAAAAAAAAAAAAAAAAAAAAAAAAAAAAAAAAAAAAAAAAAAAAAAAAAAAAAAAAAAAAAAAAAAAAAAAAAAAAAAAAAAAAAAAAAAAAAAAAAAAAAAAAAAAAAAAAAAAAAAAAAAAAAAAAAAAAAAAAAAAAAAAAAAAAAAAAAAAAAAAAAAAAAAAAAAAAAAAAAAAAAAAAAAAAAAAAAAAAAAAAAAAAAAAAAAAAAAAAAAAAAAAAAAAAAAAAAAAAAAAAAAAAAAAAAAAAAAAAAAAAAAAAAAAAAAAAAAAAAAAAAAAAAAAAAAAAAAAAAAAAAAAAAAAAAAAAAAAAAAAAAAAAAAAAAAAAAAAAAAAAAAAAAAAAAAAAAAAAAAAAAAAAAAAAAAAAAAAAAAAAAAAAAAAAAAAAAAAAAAAAAAAAAAAAAAAAAAAAAAAAAAAAAAAAAAAAAAAAAAAAAAAAAAAAAAAAAAAAAAAAAAAAAAAAAAAAAAAAAAAAAAAAAAAAAAAAAAAAAAAAAAAAAAAAAAAAAAAAAAAAAAAAAAAAAAAAAAAAAAAAAAAAAAAAAAAAAAAAAAAAAAAAAAAAAAAAAAAAAAAAAAAAAAAAAAAAAAAAAAAAAAAAAAAAAAAAAAAAAAAAAAAAAAAAAAAAAAAAAAAAAAAAAAAAAAAAAAAAAAAAAAAAAAAAAAAAAAAAAAAAAAAAAAAAAAAAAAAAAAAAAAAAAAAAAAAAAAAAAAAAAAAAAAAAAAAAAAAAAAAAAAAAAAAAAAAAAAAAAAAAAAAAAAAAAAAAAAAAAAAAAAAAAAAAAAAAAAAAAAAAAAAAAAAAAAAAAAAAAAAAAAAAAAAAAAAAAAAAAAAAAAAAAAAAAAAAAAAAAAAAAAAAAAAAAAAAAAAAAAAAAAAAAAAAAAAAAAAAAAAAAAAAAAAAAAAAAAAAAAAAAAAAAAAAAAAAAAAAAAAAAAAAAAAAAAAAAAAAAAAAAAAAAAAAAAAAAAAAAAAAAAAAAAAAAAAAAAAAAAAAAAAAAAAAAAAAAAAAAAAAAAAAAAAAAAAAAAAAAAAAAAAAAAAAAAAAAAAAAAAAAAAAAAAAAAAAAAAAAAAAAAAAAAAAAAAAAAAAAAAAAAAAAAAAAAAAAAAAAAAAAAAAAAAAAAAAAAAAAAAAAAAAAAAAAAAAAAAAAAAAAAAAAAAAAAAAAAAAAAAAAAAAAAAAAAAAAAAAAAAAAAAAAAAAAAAAAAAAAAAAAAAAAAAAAAAAAAAAAAAAAAAAAAAAAAAAAAAAAAAAAAAAAAAAAAAAAAAAAAAAAAAAAAAAAAAAAAAAAAAAAAAAAAAAAAAAAAAAAAAAAAAAAAAAAAAAAAAAAAAAAAAAAAAAAAAAAAAAAAAAAAAAAAAAAAAAAAAAAAAAAAAAAAAAAAAAAAAAAAAAAAAAAAAAAAAAAAAAAAAAAAAAAAAAAAAAAAAAAAAAAAAAAAAAAAAAAAAAAAAAAAAAAAAAAAAAAAAAAAAAAAAAAAAAAAAAAAAAAAAAAAAAAAAAAAAAAAAAAAAAAAAAAAAAAAAAAAAAAAAAAAAAAAAAAAAAAAAAAAAAAAAAAAAAAAAAAAAAAAAAAAAAAAAAAAAAAAAAAAAAAAAAAAAAAAAAAAAAAAAAAAAAAAAAAAAAAAAAAAAAAAAAAAAAAAAAAAAAAAAAAAAAAAAAAAAAAAAAAAAAAAAAAAAAAAAAAAAAAAAAAAAAAAAAAAAAAAAAAAAAAAAAAAAAAAAAAAAAAAAAAAAAAAAAAAAAAAAAAAAAAAAAAAAAAAAAAAAAAAAAAAAAAAAAAAAAAAAAAAAAAAAAAAAAAAAAAAAAAAAAAAAAAAAAAAAAAAAAAAAAAAAAAAAAAAAAAAAAAAAAAAAAAAAAAAAAAAAAAAAAAAAAAAAAAAAAAAAAAAAAAAAAAAAAAAAAAAAAAAAAAAAAAAAAAAAAAAAAAAAAAAAAAAAAAAAAAAAAAAAAAAAAAAAAAAAAAAAAAAAAAAAAAAAAAAAAAAAAAAAAAAAAAAAAAAAAAAAAAAAAAAAAAAAAAAAAAAAAAAAAAAAAAAAAAAAAAAAAAAAAAAAAAAAAAAAAAAAAAAAAAAAAAAAAAAAAAAAAAAAAAAAAAAAAAAAAAAAAAAAAAAAAAAAAAAAAAAAAAAAAAAAAAAAAAAAAAAAAAAAAAAAAAAAAAAAAAAAAAAAAAAAAAAAAAAAAAAAAAAAAAAAAAAAAAAAAAAAAAAAAAAAAAAAAAAAAAAAAAAAAAAAAAAAAAAAAAAAAAAAAAAAAAAAAAAAAAAAAAAAAAAAAAAAAAAAAAAAAAAAAAAAAAAAAAAAAAAAAAAAAAAAAAAAAAAAAAAAAAAAAAAAAAAAAAAAAAAAAAAAAAAAAAAAAAAAAAAAAAAAAAAAAAAAAAAAAAAAAAAAAAAAAAAAAAAAAAAAAAAAAAAAAAAAAAAAAAAAAAAAAAAAAAAAAAAAAAAAAAAAAAAAAAAAAAAAAAAAAAAAAAAAAAAAAAAAAAAAAAAAAAAAAAAAAAAAAAAAAAAAAAAAAAAAAAAAAAAAAAAAAAAAAAAAAAAAAAAAAAAAAAAAAAAAAAAAAAAAAAAAAAAAAAAAAAAAAAAAAAAAAAAAAAAAAA=',3436),('08dca24b-656b-43c6-8e72-0516118410e7','01cafd90-3f4d-4329-81bf-04957083f82b',50,'MAIVAAABAAAAAAAAAAAAAGqVARAwAkMYCQAjBAFA5QB6am5lFwseJygpKissLy4vMDEyMzQ1Njc4OTo7PD3XYMMpwlrl1cEElxZx3N/POkHDN873PjD4NPpCOclv5s/fLGEqwAUT/z/CP+/8W8zP4AsRwx3+9Vj1DwjqLAPcvPkZ1v8M728hGqG68O/UPszeiTbw+g7A4wAZAMrT0V3CHTYhyh01yzQlCBbRJgzz/D8p4Do7PHo+qdvizxbC6i/b6bxjtZJHqnSwoVWJm0tpgIlq76eqvWqaaVpwfLhFjqtOQW9oi2GInUrdlDNHzyjwb5nSY4uzREdqVIk7aZ9vkq2pjKJbxYZ2d3KMSV6xG4diYpdKLzt9ToyfapW9lr68v0arglmnpX0UrXxD6UpTXpWxm4CYQWBLgFNgk5cGuJHLisfjLCtt4AYoYvNyfJMYc/XU/nw6/cJhMSmeAByfaZPSI7cJEfoyIjQW7V4hMP732g0c8v3Nyx4LS/xV/0fqK+akzAsALOj+DA+XE1sSKKrUFB644Yfq+ff+7V5YxQQo/WXSEh88wC54Qt/FMTYS8iLT+CUXB8GEwCzW1svj6FNBvmWYpJ7jSkn2WpZWq0/AiY9diGETTEJMC7l7RxcdgqxAYYlWwYohs5PZc7x6JWI8i1yKrIuDnWerv3KIolzuJ8KNvZVfPqRskXZVjWKNdotOrpqCs7rOTmZSmr6j/RVYqqhmcIdDWpWlDXOOZIpFkoOkX7h9hY9jfXlCqYqSAAAAAAAAAAAAAAAAAAAAAAAAAAAAAAAAAAAAAAAAAAAAAAAAAAAAAAAAAAAAAAAAAAAAAAAAAAAAAAAAAAAAAAAAAAAAAAAAAAAAAAAAAAAAAAAAAAAAAAAAAAAAAAAAAAAAAAAAAAAAAAAAAAAAAAAAAAAAAAAAAAAAAAAAAAAAAAAAAAAAAAAAAAAAAAAAAAAAAAAAAAAAAAAAAAAAAAAAAAAAAAAAAAAAAAAAAAAAAAAAAAAAAAAAAAAAAAAAAAAAAAAAAAAAAAAAAAAAAAAAAAAAAAAAAAAAAAAAAAAAAAAAAAAAAAAAAAAAAAAAAAAAAAAAAAAAAAAAAAAAAAAAAAAAAAAAAAAAAAAAAAAAAAAAAAAAAAAAAAAAAAAAAAAAAAAAAAAAAAAAAAAAAAAAAAAAAAAAAAAAAAAAAAAAAAAAAAAAAAAAAAAAAAAAAAAAAAAAAAAAAAAAAAAAAAAAAAAAAAAAAAAAAAAAAAAAAAAAAAAAAAAAAAAAAAAAAAAAAAAAAAAAAAAAAAAAAAAAAAAAAAAAAAAAAAAAAAAAAAAAAAAAAAAAAAAAAAAAAAAAAAAAAAAAAAAAAAAAAAAAAAAAAAAAAAAAAAAAAAAAAAAAAAAAAAAAAAAAAAAAAAAAAAAAAAAAAAAAAAAAAAAAAAAAAAAAAAAAAAAAAAAAAAAAAAAAAAAAAAAAAAAAAAAAAAAAAAAAAAAAAAAAAAAAAAAAAAAAAAAAAAAAAAAAAAAAAAAAAAAAAAAAAAAAAAAAAAAAAAAAAAAAAAAAAAAAAAAAAAAAAAAAAAAAAAAAAAAAAAAAAAAAAAAAAAAAAAAAAAAAAAAAAAAAAAAAAAAAAAAAAAAAAAAAAAAAAAAAAAAAAAAAAAAAAAAAAAAAAAAAAAAAAAAAAAAAAAAAAAAAAAAAAAAAAAAAAAAAAAAAAAAAAAAAAAAAAAAAAAAAAAAAAAAAAAAAAAAAAAAAAAAAAAAAAAAAAAAAAAAAAAAAAAAAAAAAAAAAAAAAAAAAAAAAAAAAAAAAAAAAAAAAAAAAAAAAAAAAAAAAAAAAAAAAAAAAAAAAAAAAAAAAAAAAAAAAAAAAAAAAAAAAAAAAAAAAAAAAAAAAAAAAAAAAAAAAAAAAAAAAAAAAAAAAAAAAAAAAAAAAAAAAAAAAAAAAAAAAAAAAAAAAAAAAAAAAAAAAAAAAAAAAAAAAAAAAAAAAAAAAAAAAAAAAAAAAAAAAAAAAAAAAAAAAAAAAAAAAAAAAAAAAAAAAAAAAAAAAAAAAAAAAAAAAAAAAAAAAAAAAAAAAAAAAAAAAAAAAAAAAAAAAAAAAAAAAAAAAAAAAAAAAAAAAAAAAAAAAAAAAAAAAAAAAAAAAAAAAAAAAAAAAAAAAAAAAAAAAAAAAAAAAAAAAAAAAAAAAAAAAAAAAAAAAAAAAAAAAAAAAAAAAAAAAAAAAAAAAAAAAAAAAAAAAAAAAAAAAAAAAAAAAAAAAAAAAAAAAAAAAAAAAAAAAAAAAAAAAAAAAAAAAAAAAAAAAAAAAAAAAAAAAAAAAAAAAAAAAAAAAAAAAAAAAAAAAAAAAAAAAAAAAAAAAAAAAAAAAAAAAAAAAAAAAAAAAAAAAAAAAAAAAAAAAAAAAAAAAAAAAAAAAAAAAAAAAAAAAAAAAAAAAAAAAAAAAAAAAAAAAAAAAAAAAAAAAAAAAAAAAAAAAAAAAAAAAAAAAAAAAAAAAAAAAAAAAAAAAAAAAAAAAAAAAAAAAAAAAAAAAAAAAAAAAAAAAAAAAAAAAAAAAAAAAAAAAAAAAAAAAAAAAAAAAAAAAAAAAAAAAAAAAAAAAAAAAAAAAAAAAAAAAAAAAAAAAAAAAAAAAAAAAAAAAAAAAAAAAAAAAAAAAAAAAAAAAAAAAAAAAAAAAAAAAAAAAAAAAAAAAAAAAAAAAAAAAAAAAAAAAAAAAAAAAAAAAAAAAAAAAAAAAAAAAAAAAAAAAAAAAAAAAAAAAAAAAAAAAAAAAAAAAAAAAAAAAAAAAAAAAAAAAAAAAAAAAAAAAAAAAAAAAAAAAAAAAAAAAAAAAAAAAAAAAAAAAAAAAAAAAAAAAAAAAAAAAAAAAAAAAAAAAAAAAAAAAAAAAAAAAAAAAAAAAAAAAAAAAAAAAAAAAAAAAAAAAAAAAAAAAAAAAAAAAAAAAAAAAAAAAAAAAAAAAAAAAAAAAAAAAAAAAAAAAAAAAAAAAAAAAAAAAAAAAAAAAAAAAAAAAAAAAAAAAAAAAAAAAAAAAAAAAAAAAAAAAAAAAAAAAAAAAAAAAAAAAAAAAAAAAAAAAAAAAAAAAAAAAAAAAAAAAAAAAAAAAAAAAAAAAAAAAAAAAAAAAAAAAAAAAAAAAAAAAAAAAAAAAAAAAAAAAAAAAAAAAAAAAAAAAAAAAAAAAAAAAAAAAAAAAAAAAAAAAAAAAAAAAAAAAAAAAAAAAAAAAAAAAAAAAAAAAAAAAAAAAAAAAAAAAAAAAAAAAAAAAAAAAAAAAAAAAAAAAAAAAAAAAAAAAAAAAAAAAAAAAAAAAAAAAAAAAAAAAAAAAAAAAAAAAAAAAAAAAAAAAAAAAAAAAAAAAAAAAAAAAAAAAAAAAAAAAAAAAAAAAAAAAAAAAAAAAAAAAAAAAAAAAAAAAAAAAAAAAAAAAAAAAAAAAAAAAAAA=',3436),('08dca24b-656b-44c7-87c8-00ffeb7e9aaf','bf89b876-5262-45d8-a20f-ade89054b865',50,'MAIbAAABAAAAAAAAAAAAAGqVARAwAo5kCQAjBAH1QwB6am5lFwseJygpKissLy4vMDEyMzQ1Njc4OTo7PD0vzxPcPD84FtYXPBLSPHfA8S8v3gTVxJ3LPB0KuzAI0M0GMWE06PAb1fEdeuE/6g46AdJAKtYZ8x3l7MzhFOvStx/1HTPn53/witsJ1wP8BN23ygLz5rcxwQnY8OzFDy0QFDvxvwYmFTJB2tAIK9H82P/ewtz4shzRxzwlKMOLG9Mgv12yQq9IZJCzBl/0SGWxuq5J4N1JuQ77sVh6nVYPp5PTb6XRdaCHc6GlkiKzZXSCe5OEL8SQr3JPemKU26yVd6DbOpZ2j3JnaV1la0PKdV1gk2N3W4R6kWunCJ64e9R6kEkotn9XroJ1eyq+e0JVQK1upKALU/RI/X+RkrNNSqwZHTvOimU4zccrO4PKFs/4w5HT6gEgIN52ynzDKEDGaz8i7qMo08budRrS5x00E9jCAOkBG9Ml1fMFNbrnVOa8wGq6yN9b0vEMRwfyG+raH9PUoMq5WfUGfD/7He03puspJSwyOtfQJG1gyPgvLiIosNsZ1gsneMCTyi3SjzTjwmxNk2MBqQSeW1G9bk2xdrakTqySSX9k93qyUWlToFpdhH9uYYvfqN5/srCyXW+bbnJVjS6zmHN4W4edpK2HyH2m4Fp7qq+RM4B2sqhxfZqvhpcjscS4YbiaUHlONoigdW7ZrX8ZHLCoWq5YulS/HLDxU51aBAtZlmNfXQryl0+yAAAAAAAAAAAAAAAAAAAAAAAAAAAAAAAAAAAAAAAAAAAAAAAAAAAAAAAAAAAAAAAAAAAAAAAAAAAAAAAAAAAAAAAAAAAAAAAAAAAAAAAAAAAAAAAAAAAAAAAAAAAAAAAAAAAAAAAAAAAAAAAAAAAAAAAAAAAAAAAAAAAAAAAAAAAAAAAAAAAAAAAAAAAAAAAAAAAAAAAAAAAAAAAAAAAAAAAAAAAAAAAAAAAAAAAAAAAAAAAAAAAAAAAAAAAAAAAAAAAAAAAAAAAAAAAAAAAAAAAAAAAAAAAAAAAAAAAAAAAAAAAAAAAAAAAAAAAAAAAAAAAAAAAAAAAAAAAAAAAAAAAAAAAAAAAAAAAAAAAAAAAAAAAAAAAAAAAAAAAAAAAAAAAAAAAAAAAAAAAAAAAAAAAAAAAAAAAAAAAAAAAAAAAAAAAAAAAAAAAAAAAAAAAAAAAAAAAAAAAAAAAAAAAAAAAAAAAAAAAAAAAAAAAAAAAAAAAAAAAAAAAAAAAAAAAAAAAAAAAAAAAAAAAAAAAAAAAAAAAAAAAAAAAAAAAAAAAAAAAAAAAAAAAAAAAAAAAAAAAAAAAAAAAAAAAAAAAAAAAAAAAAAAAAAAAAAAAAAAAAAAAAAAAAAAAAAAAAAAAAAAAAAAAAAAAAAAAAAAAAAAAAAAAAAAAAAAAAAAAAAAAAAAAAAAAAAAAAAAAAAAAAAAAAAAAAAAAAAAAAAAAAAAAAAAAAAAAAAAAAAAAAAAAAAAAAAAAAAAAAAAAAAAAAAAAAAAAAAAAAAAAAAAAAAAAAAAAAAAAAAAAAAAAAAAAAAAAAAAAAAAAAAAAAAAAAAAAAAAAAAAAAAAAAAAAAAAAAAAAAAAAAAAAAAAAAAAAAAAAAAAAAAAAAAAAAAAAAAAAAAAAAAAAAAAAAAAAAAAAAAAAAAAAAAAAAAAAAAAAAAAAAAAAAAAAAAAAAAAAAAAAAAAAAAAAAAAAAAAAAAAAAAAAAAAAAAAAAAAAAAAAAAAAAAAAAAAAAAAAAAAAAAAAAAAAAAAAAAAAAAAAAAAAAAAAAAAAAAAAAAAAAAAAAAAAAAAAAAAAAAAAAAAAAAAAAAAAAAAAAAAAAAAAAAAAAAAAAAAAAAAAAAAAAAAAAAAAAAAAAAAAAAAAAAAAAAAAAAAAAAAAAAAAAAAAAAAAAAAAAAAAAAAAAAAAAAAAAAAAAAAAAAAAAAAAAAAAAAAAAAAAAAAAAAAAAAAAAAAAAAAAAAAAAAAAAAAAAAAAAAAAAAAAAAAAAAAAAAAAAAAAAAAAAAAAAAAAAAAAAAAAAAAAAAAAAAAAAAAAAAAAAAAAAAAAAAAAAAAAAAAAAAAAAAAAAAAAAAAAAAAAAAAAAAAAAAAAAAAAAAAAAAAAAAAAAAAAAAAAAAAAAAAAAAAAAAAAAAAAAAAAAAAAAAAAAAAAAAAAAAAAAAAAAAAAAAAAAAAAAAAAAAAAAAAAAAAAAAAAAAAAAAAAAAAAAAAAAAAAAAAAAAAAAAAAAAAAAAAAAAAAAAAAAAAAAAAAAAAAAAAAAAAAAAAAAAAAAAAAAAAAAAAAAAAAAAAAAAAAAAAAAAAAAAAAAAAAAAAAAAAAAAAAAAAAAAAAAAAAAAAAAAAAAAAAAAAAAAAAAAAAAAAAAAAAAAAAAAAAAAAAAAAAAAAAAAAAAAAAAAAAAAAAAAAAAAAAAAAAAAAAAAAAAAAAAAAAAAAAAAAAAAAAAAAAAAAAAAAAAAAAAAAAAAAAAAAAAAAAAAAAAAAAAAAAAAAAAAAAAAAAAAAAAAAAAAAAAAAAAAAAAAAAAAAAAAAAAAAAAAAAAAAAAAAAAAAAAAAAAAAAAAAAAAAAAAAAAAAAAAAAAAAAAAAAAAAAAAAAAAAAAAAAAAAAAAAAAAAAAAAAAAAAAAAAAAAAAAAAAAAAAAAAAAAAAAAAAAAAAAAAAAAAAAAAAAAAAAAAAAAAAAAAAAAAAAAAAAAAAAAAAAAAAAAAAAAAAAAAAAAAAAAAAAAAAAAAAAAAAAAAAAAAAAAAAAAAAAAAAAAAAAAAAAAAAAAAAAAAAAAAAAAAAAAAAAAAAAAAAAAAAAAAAAAAAAAAAAAAAAAAAAAAAAAAAAAAAAAAAAAAAAAAAAAAAAAAAAAAAAAAAAAAAAAAAAAAAAAAAAAAAAAAAAAAAAAAAAAAAAAAAAAAAAAAAAAAAAAAAAAAAAAAAAAAAAAAAAAAAAAAAAAAAAAAAAAAAAAAAAAAAAAAAAAAAAAAAAAAAAAAAAAAAAAAAAAAAAAAAAAAAAAAAAAAAAAAAAAAAAAAAAAAAAAAAAAAAAAAAAAAAAAAAAAAAAAAAAAAAAAAAAAAAAAAAAAAAAAAAAAAAAAAAAAAAAAAAAAAAAAAAAAAAAAAAAAAAAAAAAAAAAAAAAAAAAAAAAAAAAAAAAAAAAAAAAAAAAAAAAAAAAAAAAAAAAAAAAAAAAAAAAAAAAAAAAAAAAAAAAAAAAAAAAAAAAAAAAAAAAAAAAAAAAAAAAAAAAAAAAAAAAAAAAAAAAAAAAAAAAAAAAAAAAAAAAAAAAAAAAAAAAAAAAAAAAAAAAAAAAAAAAAAAAAAAAAAAAAAAAAAAAAAAAAAAAAAAAAAAAAAAAAAAAAAAAAAAAAAAAAAAAAAAAAAAAAAAAAAAAAAAAAA=',3436);
/*!40000 ALTER TABLE `employeesfaces` ENABLE KEYS */;
UNLOCK TABLES;

--
-- Table structure for table `employeesfingerprints`
--

DROP TABLE IF EXISTS `employeesfingerprints`;
/*!40101 SET @saved_cs_client     = @@character_set_client */;
/*!50503 SET character_set_client = utf8mb4 */;
CREATE TABLE `employeesfingerprints` (
  `FingerprintId` char(36) CHARACTER SET ascii NOT NULL,
  `EmployeeId` char(36) CHARACTER SET ascii NOT NULL,
  `FPTmpIndex` int(11) NOT NULL,
  `FPTmpData` longtext NOT NULL,
  `FPTmpLength` int(11) NOT NULL,
  `FPTmpFlag` int(11) NOT NULL,
  PRIMARY KEY (`FingerprintId`)
) ENGINE=InnoDB DEFAULT CHARSET=utf8mb4;
/*!40101 SET character_set_client = @saved_cs_client */;

--
-- Dumping data for table `employeesfingerprints`
--

LOCK TABLES `employeesfingerprints` WRITE;
/*!40000 ALTER TABLE `employeesfingerprints` DISABLE KEYS */;
INSERT INTO `employeesfingerprints` VALUES ('08dca1c2-ba50-41d9-8afa-be73bed09ace','d8b07338-04da-4de4-a9b7-de280895a56a',6,'S/9TUzIxAAACvL8ECAUHCc7QAAAavWkBAAAAgmERbLxEAIkPiwCSAIqzoQCIAIoPegCZvBcPsAC0AEsP3ry1AJYPPgByAPuzywDQABsPsgDhvH8P4AD1AFkPMLweAeoPhgD9AX6zUAA7AfAO4QA9vWQNUwBQASgNQLxVAXMMZgCTAWKyDwEfAxt3VwEpvR53DnUr/GIFwzcDjYqCyXvTdvRHQ3yKgm4LZn/Nr3ZzPoQKjleDnTvm8/tnkoNmC42v64W2/896ox+BMXaSzQXpf3OR7ME39Rp3CXxkjVNBBIjlhxIVaHXEzaftFoAAIOkBA3MY5gUAlinDMgW8eysMV1kLxWctsGHAU24LAJs2EnzBwMBXXAbFRUu8UP4IACpZMsD/68AJAI9ZDJH/aq0BK2L6Rf0EN0Ho/xIAHHPwO/9J701TTwoAILj0OvBNDACcioOHeH5/CACkign+ksBCugHDnBbAQtQAEyPxwP9GOMAFwP1BbRQAG6jt+/86+P7/wGg4DcWtrSzBw/6Dfl3UAEAK9sD9V//Aj/9DfgcArLaPcAUHAuOpfcLDOgjFtLSsYUAWABPPLkDCQ0rA/zcy/wVgBbxc03p3bwfFzdCm/lP+DACRGQk550P+EgAT3xkiRPdBVP8IAHInfYZ9YRYAFOrg7D3CQv44RFdZCNUSAl78wv44DgC12w59Sv9UVf8I1ZILMMOIfBYQEt7c/ENHwP47Pj6P/wqsGB/k/1dDyQB2TgEr/lRKFtUcLl5f/z0q//8E/sJDwP/CwAYQRzd/fsGhCxBWODX/IUJNwAsQFkMb/sBAw/3AwP39zRC+lB9bwMT+ENU4RV7BMCc1WMHMEFr28TX7QAMQ8U5lfRcQGFbiXTr//UIy//1V/3g7ChL/YvTF/vzAOf1AuxFbZ+vB/NtSQLwKQwEAAAuAUgAAAAAAAA==',944,1);
/*!40000 ALTER TABLE `employeesfingerprints` ENABLE KEYS */;
UNLOCK TABLES;

--
-- Table structure for table `externalentities`
--

DROP TABLE IF EXISTS `externalentities`;
/*!40101 SET @saved_cs_client     = @@character_set_client */;
/*!50503 SET character_set_client = utf8mb4 */;
CREATE TABLE `externalentities` (
  `ExternalEntityID` char(36) CHARACTER SET ascii NOT NULL,
  `Name` varchar(50) NOT NULL,
  `Comments` varchar(50) DEFAULT NULL,
  `CommercialName` varchar(50) DEFAULT NULL,
  `Photo` longtext,
  `ResponsibleName` varchar(50) DEFAULT NULL,
  `Address` varchar(50) DEFAULT NULL,
  `ZIPCode` longtext,
  `Locality` varchar(50) DEFAULT NULL,
  `Village` varchar(50) DEFAULT NULL,
  `District` varchar(50) DEFAULT NULL,
  `Phone` int(11) DEFAULT NULL,
  `Mobile` int(11) DEFAULT NULL,
  `Email` longtext,
  `WWW` longtext,
  `Fax` int(11) DEFAULT NULL,
  `NIF` int(11) NOT NULL,
  `DateInserted` datetime DEFAULT NULL,
  `DateUpdated` datetime DEFAULT NULL,
  `ExternalEntityTypeId` char(36) CHARACTER SET ascii DEFAULT NULL,
  PRIMARY KEY (`ExternalEntityID`),
  KEY `IX_ExternalEntities_ExternalEntityTypeId` (`ExternalEntityTypeId`),
  CONSTRAINT `FK_ExternalEntities_ExternalEntitieTypes_ExternalEntityTypeId` FOREIGN KEY (`ExternalEntityTypeId`) REFERENCES `externalentitietypes` (`ExternalEntityTypeID`)
) ENGINE=InnoDB DEFAULT CHARSET=utf8mb4;
/*!40101 SET character_set_client = @saved_cs_client */;

--
-- Dumping data for table `externalentities`
--

LOCK TABLES `externalentities` WRITE;
/*!40000 ALTER TABLE `externalentities` DISABLE KEYS */;
/*!40000 ALTER TABLE `externalentities` ENABLE KEYS */;
UNLOCK TABLES;

--
-- Table structure for table `externalentitietypes`
--

DROP TABLE IF EXISTS `externalentitietypes`;
/*!40101 SET @saved_cs_client     = @@character_set_client */;
/*!50503 SET character_set_client = utf8mb4 */;
CREATE TABLE `externalentitietypes` (
  `ExternalEntityTypeID` char(36) CHARACTER SET ascii NOT NULL,
  `Order` int(11) NOT NULL,
  `Name` varchar(50) NOT NULL,
  `DateInserted` datetime DEFAULT NULL,
  PRIMARY KEY (`ExternalEntityTypeID`)
) ENGINE=InnoDB DEFAULT CHARSET=utf8mb4;
/*!40101 SET character_set_client = @saved_cs_client */;

--
-- Dumping data for table `externalentitietypes`
--

LOCK TABLES `externalentitietypes` WRITE;
/*!40000 ALTER TABLE `externalentitietypes` DISABLE KEYS */;
/*!40000 ALTER TABLE `externalentitietypes` ENABLE KEYS */;
UNLOCK TABLES;

--
-- Table structure for table `groups`
--

DROP TABLE IF EXISTS `groups`;
/*!40101 SET @saved_cs_client     = @@character_set_client */;
/*!50503 SET character_set_client = utf8mb4 */;
CREATE TABLE `groups` (
  `GroupID` char(36) CHARACTER SET ascii NOT NULL,
  `Name` varchar(50) NOT NULL,
  `Description` varchar(50) DEFAULT NULL,
  PRIMARY KEY (`GroupID`)
) ENGINE=InnoDB DEFAULT CHARSET=utf8mb4;
/*!40101 SET character_set_client = @saved_cs_client */;

--
-- Dumping data for table `groups`
--

LOCK TABLES `groups` WRITE;
/*!40000 ALTER TABLE `groups` DISABLE KEYS */;
INSERT INTO `groups` VALUES ('8dd498c5-d9e0-47a6-ae09-059cd1469e7b','Maia','Profissao 2'),('c48f6267-cf94-4c14-bc03-25f887e73d5c','Porto','Profissao 1');
/*!40000 ALTER TABLE `groups` ENABLE KEYS */;
UNLOCK TABLES;

--
-- Table structure for table `professions`
--

DROP TABLE IF EXISTS `professions`;
/*!40101 SET @saved_cs_client     = @@character_set_client */;
/*!50503 SET character_set_client = utf8mb4 */;
CREATE TABLE `professions` (
  `ProfessionID` char(36) CHARACTER SET ascii NOT NULL,
  `Code` int(11) NOT NULL,
  `Acronym` varchar(4) DEFAULT NULL,
  `Description` varchar(50) NOT NULL,
  PRIMARY KEY (`ProfessionID`)
) ENGINE=InnoDB DEFAULT CHARSET=utf8mb4;
/*!40101 SET character_set_client = @saved_cs_client */;

--
-- Dumping data for table `professions`
--

LOCK TABLES `professions` WRITE;
/*!40000 ALTER TABLE `professions` DISABLE KEYS */;
INSERT INTO `professions` VALUES ('85a7ca54-96b9-462c-8f28-96da19d3e98c',2,'P2','Profissao 2'),('f02f0123-f7d8-453a-83e8-40b719c4a5b4',1,'P1','Profissao 1');
/*!40000 ALTER TABLE `professions` ENABLE KEYS */;
UNLOCK TABLES;

--
-- Table structure for table `roleclaims`
--

DROP TABLE IF EXISTS `roleclaims`;
/*!40101 SET @saved_cs_client     = @@character_set_client */;
/*!50503 SET character_set_client = utf8mb4 */;
CREATE TABLE `roleclaims` (
  `Id` int(11) NOT NULL AUTO_INCREMENT,
  `RoleId` varchar(255) NOT NULL,
  `ClaimType` longtext,
  `ClaimValue` longtext,
  PRIMARY KEY (`Id`),
  KEY `IX_RoleClaims_RoleId` (`RoleId`),
  CONSTRAINT `FK_RoleClaims_Roles_RoleId` FOREIGN KEY (`RoleId`) REFERENCES `roles` (`Id`) ON DELETE CASCADE
) ENGINE=InnoDB DEFAULT CHARSET=utf8mb4;
/*!40101 SET character_set_client = @saved_cs_client */;

--
-- Dumping data for table `roleclaims`
--

LOCK TABLES `roleclaims` WRITE;
/*!40000 ALTER TABLE `roleclaims` DISABLE KEYS */;
/*!40000 ALTER TABLE `roleclaims` ENABLE KEYS */;
UNLOCK TABLES;

--
-- Table structure for table `roles`
--

DROP TABLE IF EXISTS `roles`;
/*!40101 SET @saved_cs_client     = @@character_set_client */;
/*!50503 SET character_set_client = utf8mb4 */;
CREATE TABLE `roles` (
  `Id` varchar(255) NOT NULL,
  `Name` varchar(256) DEFAULT NULL,
  `NormalizedName` varchar(256) DEFAULT NULL,
  `ConcurrencyStamp` longtext,
  PRIMARY KEY (`Id`),
  UNIQUE KEY `RoleNameIndex` (`NormalizedName`)
) ENGINE=InnoDB DEFAULT CHARSET=utf8mb4;
/*!40101 SET character_set_client = @saved_cs_client */;

--
-- Dumping data for table `roles`
--

LOCK TABLES `roles` WRITE;
/*!40000 ALTER TABLE `roles` DISABLE KEYS */;
INSERT INTO `roles` VALUES ('0f16e096-2fba-4ae6-b059-4b7f0b128090','Admin','ADMIN',NULL),('672697f8-ed44-4dad-afd3-57c49d2b0c99','User','USER',NULL);
/*!40000 ALTER TABLE `roles` ENABLE KEYS */;
UNLOCK TABLES;

--
-- Table structure for table `userclaims`
--

DROP TABLE IF EXISTS `userclaims`;
/*!40101 SET @saved_cs_client     = @@character_set_client */;
/*!50503 SET character_set_client = utf8mb4 */;
CREATE TABLE `userclaims` (
  `Id` int(11) NOT NULL AUTO_INCREMENT,
  `UserId` varchar(255) NOT NULL,
  `ClaimType` longtext,
  `ClaimValue` longtext,
  PRIMARY KEY (`Id`),
  KEY `IX_UserClaims_UserId` (`UserId`),
  CONSTRAINT `FK_UserClaims_Users_UserId` FOREIGN KEY (`UserId`) REFERENCES `users` (`Id`) ON DELETE CASCADE
) ENGINE=InnoDB DEFAULT CHARSET=utf8mb4;
/*!40101 SET character_set_client = @saved_cs_client */;

--
-- Dumping data for table `userclaims`
--

LOCK TABLES `userclaims` WRITE;
/*!40000 ALTER TABLE `userclaims` DISABLE KEYS */;
/*!40000 ALTER TABLE `userclaims` ENABLE KEYS */;
UNLOCK TABLES;

--
-- Table structure for table `userlogins`
--

DROP TABLE IF EXISTS `userlogins`;
/*!40101 SET @saved_cs_client     = @@character_set_client */;
/*!50503 SET character_set_client = utf8mb4 */;
CREATE TABLE `userlogins` (
  `LoginProvider` varchar(255) NOT NULL,
  `ProviderKey` varchar(255) NOT NULL,
  `ProviderDisplayName` longtext,
  `UserId` varchar(255) NOT NULL,
  PRIMARY KEY (`LoginProvider`,`ProviderKey`),
  KEY `IX_UserLogins_UserId` (`UserId`),
  CONSTRAINT `FK_UserLogins_Users_UserId` FOREIGN KEY (`UserId`) REFERENCES `users` (`Id`) ON DELETE CASCADE
) ENGINE=InnoDB DEFAULT CHARSET=utf8mb4;
/*!40101 SET character_set_client = @saved_cs_client */;

--
-- Dumping data for table `userlogins`
--

LOCK TABLES `userlogins` WRITE;
/*!40000 ALTER TABLE `userlogins` DISABLE KEYS */;
/*!40000 ALTER TABLE `userlogins` ENABLE KEYS */;
UNLOCK TABLES;

--
-- Table structure for table `userroles`
--

DROP TABLE IF EXISTS `userroles`;
/*!40101 SET @saved_cs_client     = @@character_set_client */;
/*!50503 SET character_set_client = utf8mb4 */;
CREATE TABLE `userroles` (
  `UserId` varchar(255) NOT NULL,
  `RoleId` varchar(255) NOT NULL,
  PRIMARY KEY (`UserId`,`RoleId`),
  KEY `IX_UserRoles_RoleId` (`RoleId`),
  CONSTRAINT `FK_UserRoles_Roles_RoleId` FOREIGN KEY (`RoleId`) REFERENCES `roles` (`Id`) ON DELETE CASCADE,
  CONSTRAINT `FK_UserRoles_Users_UserId` FOREIGN KEY (`UserId`) REFERENCES `users` (`Id`) ON DELETE CASCADE
) ENGINE=InnoDB DEFAULT CHARSET=utf8mb4;
/*!40101 SET character_set_client = @saved_cs_client */;

--
-- Dumping data for table `userroles`
--

LOCK TABLES `userroles` WRITE;
/*!40000 ALTER TABLE `userroles` DISABLE KEYS */;
INSERT INTO `userroles` VALUES ('e3719c56-b92c-4a98-b0be-03e8341b07c5','0f16e096-2fba-4ae6-b059-4b7f0b128090');
/*!40000 ALTER TABLE `userroles` ENABLE KEYS */;
UNLOCK TABLES;

--
-- Table structure for table `users`
--

DROP TABLE IF EXISTS `users`;
/*!40101 SET @saved_cs_client     = @@character_set_client */;
/*!50503 SET character_set_client = utf8mb4 */;
CREATE TABLE `users` (
  `Id` varchar(255) NOT NULL,
  `UserName` varchar(256) DEFAULT NULL,
  `NormalizedUserName` varchar(256) DEFAULT NULL,
  `Email` varchar(256) DEFAULT NULL,
  `NormalizedEmail` varchar(256) DEFAULT NULL,
  `EmailConfirmed` tinyint(1) NOT NULL,
  `PasswordHash` longtext,
  `SecurityStamp` longtext,
  `ConcurrencyStamp` longtext,
  `PhoneNumber` longtext,
  `PhoneNumberConfirmed` tinyint(1) NOT NULL,
  `TwoFactorEnabled` tinyint(1) NOT NULL,
  `LockoutEnd` datetime(6) DEFAULT NULL,
  `LockoutEnabled` tinyint(1) NOT NULL,
  `AccessFailedCount` int(11) NOT NULL,
  PRIMARY KEY (`Id`),
  UNIQUE KEY `UserNameIndex` (`NormalizedUserName`),
  KEY `EmailIndex` (`NormalizedEmail`)
) ENGINE=InnoDB DEFAULT CHARSET=utf8mb4;
/*!40101 SET character_set_client = @saved_cs_client */;

--
-- Dumping data for table `users`
--

LOCK TABLES `users` WRITE;
/*!40000 ALTER TABLE `users` DISABLE KEYS */;
INSERT INTO `users` VALUES ('e3719c56-b92c-4a98-b0be-03e8341b07c5','admin','ADMIN','admin@example.com','ADMIN@EXAMPLE.COM',1,'AQAAAAIAAYagAAAAEKowSVjZKGBjcRl+MNesYLaoqjlFrWk2EP2t0+frOlS2ftm+5KOSSThUD8Hfb7dLeQ==','','aa1bfd1e-d5e0-4a0f-a979-219f1c370f7c',NULL,0,0,NULL,0,0);
/*!40000 ALTER TABLE `users` ENABLE KEYS */;
UNLOCK TABLES;

--
-- Table structure for table `usertokens`
--

DROP TABLE IF EXISTS `usertokens`;
/*!40101 SET @saved_cs_client     = @@character_set_client */;
/*!50503 SET character_set_client = utf8mb4 */;
CREATE TABLE `usertokens` (
  `UserId` varchar(255) NOT NULL,
  `LoginProvider` varchar(255) NOT NULL,
  `Name` varchar(255) NOT NULL,
  `Value` longtext,
  PRIMARY KEY (`UserId`,`LoginProvider`,`Name`),
  CONSTRAINT `FK_UserTokens_Users_UserId` FOREIGN KEY (`UserId`) REFERENCES `users` (`Id`) ON DELETE CASCADE
) ENGINE=InnoDB DEFAULT CHARSET=utf8mb4;
/*!40101 SET character_set_client = @saved_cs_client */;

--
-- Dumping data for table `usertokens`
--

LOCK TABLES `usertokens` WRITE;
/*!40000 ALTER TABLE `usertokens` DISABLE KEYS */;
/*!40000 ALTER TABLE `usertokens` ENABLE KEYS */;
UNLOCK TABLES;

--
-- Table structure for table `zones`
--

DROP TABLE IF EXISTS `zones`;
/*!40101 SET @saved_cs_client     = @@character_set_client */;
/*!50503 SET character_set_client = utf8mb4 */;
CREATE TABLE `zones` (
  `ZoneID` char(36) CHARACTER SET ascii NOT NULL,
  `Type` int(11) DEFAULT NULL,
  `Name` varchar(50) NOT NULL,
  `Description` varchar(50) DEFAULT NULL,
  `Photo` longtext,
  `Acronym` varchar(4) DEFAULT NULL,
  `Address` varchar(50) DEFAULT NULL,
  `ZIPcode` longtext,
  `Locality` varchar(50) DEFAULT NULL,
  `Village` varchar(50) DEFAULT NULL,
  `District` varchar(50) DEFAULT NULL,
  `Phone` int(11) DEFAULT NULL,
  `Mobile` int(11) DEFAULT NULL,
  `Email` longtext,
  PRIMARY KEY (`ZoneID`)
) ENGINE=InnoDB DEFAULT CHARSET=utf8mb4;
/*!40101 SET character_set_client = @saved_cs_client */;

--
-- Dumping data for table `zones`
--

LOCK TABLES `zones` WRITE;
/*!40000 ALTER TABLE `zones` DISABLE KEYS */;
/*!40000 ALTER TABLE `zones` ENABLE KEYS */;
UNLOCK TABLES;

--
-- Dumping events for database 'nclock'
--

--
-- Dumping routines for database 'nclock'
--
/*!40103 SET TIME_ZONE=@OLD_TIME_ZONE */;

/*!40101 SET SQL_MODE=@OLD_SQL_MODE */;
/*!40014 SET FOREIGN_KEY_CHECKS=@OLD_FOREIGN_KEY_CHECKS */;
/*!40014 SET UNIQUE_CHECKS=@OLD_UNIQUE_CHECKS */;
/*!40101 SET CHARACTER_SET_CLIENT=@OLD_CHARACTER_SET_CLIENT */;
/*!40101 SET CHARACTER_SET_RESULTS=@OLD_CHARACTER_SET_RESULTS */;
/*!40101 SET COLLATION_CONNECTION=@OLD_COLLATION_CONNECTION */;
/*!40111 SET SQL_NOTES=@OLD_SQL_NOTES */;

-- Dump completed on 2024-07-25 17:02:02
